brand,model,year,title,Μάρκα-μοντέλο,Νούμεροαγγελίας,Τιμή,Χρηματοδότηση,Κατάσταση,Κατηγορία,Χρονολογία,Χιλιόμετρα,Καύσιμο,Κυβικά,Ίπποι,Σασμάν,Χρώμα,Χρώμαεσωτερικού,Επένδυσησαλονιού,Κτέομέχρι,Ρύποι(co2),Κλάσηρύπων,Μέγεθοςζάντας,Τέληκυκλοφορίας,Κατανάλωση,Πινακίδα,Σύνολοκατόχων,Αερόσακοι,Πόρτες,Καθίσματα,Παράδοσηστοσπίτι,Τελευταίααλλαγή,Εμφανίσειςαγγελίας,Σύνδεσμος,Τηλέφωνο,extras,Κίνηση
Volkswagen,Polo,2015,Volkswagen Polo '15 1.4 TDi BLUEMOTION ★ CLIMATRONIC  ★ NAVIGATION,VolkswagenPolo1.4TDiBLUEMOTION★CLIMATRONIC★NAVIGATION★'15,330283836,9.850€,"243,00€/μήνα",Μεταχειρισμένο,Κόμπακτ/Hatchback,2/2015,124.000χλμ,Πετρέλαιο,1.400cc,75bhp,Χειροκίνητο,Μαύρο(Μεταλλικό),Μαύρο,Ύφασμα,3/2023,87g/km,Euro6d-temp,15ίντσες,0€,4(Εντός)/4(Εκτός)/4(Μικτό)λ/100χλμ,Άγνωστο,1,6,5,5,Ναι,1ώραπριν,80,www.car.gr/330283836,"2310751539,6980778727,6985859092","['{Abs', '{Bluetooth', '{Bucket καθίσματα', '{Cruise control', '{Eco start\\u002Fstop', '{Esp', '{Immobilizer', '{Isofix -παιδικά καθίσματα', '{Navigation - gps', '{Parktronic', '{Turbo', '{Αντ\\u002Fγή με σκάφος δεκτή', '{Ανταλλαγή με car δεκτή', '{Ανταλλαγή με μοτο', '{Απόσυρσης-δικαίωμα', '{Ατρακάριστο', '{Εγγύηση', '{Επιταγές δεκτές', '{Ζάντες αλουμινίου', '{Ηλεκτρικά παράθυρα', '{Ηλεκτρικοί καθρέφτες', '{Κεντρικό κλείδωμα', '{Κλιματισμός αυτόματος', '{Κλιματισμός(a\\u002Fc)', '{Μη καπνιστή', '{Οθόνη tft', '{Πιστωτική κάρτα δεκτή', '{Προβολείς ομίχλης', '{Τηλέφωνο', '{Τιμόνι πολλών χρήσεων', '{Υδραυλικό τιμόνι', '{Υπολογιστής ταξιδιού', '{Φώτα led']",
Renault,Twingo,2015,Renault Twingo '15  SCe 70 Start & Stop,RenaultTwingoSCe70Start&StopDynamique'15,327252522,8.390€,"204,03€/μήνα",Μεταχειρισμένο,Κόμπακτ/Hatchback,2/2015,81.000χλμ,Βενζίνη,1.000cc,70bhp,Χειροκίνητο,Γαλάζιο(Μεταλλικό),Μαύρο,Ύφασμα,10/2024,,Euro6c,15ίντσες,,4(Εντός)/4(Εκτός)/4(Μικτό)λ/100χλμ,Άγνωστο,1,6,5,5,Ναι,1ώραπριν,18,www.car.gr/327252522,"2310751539,6980778727,6985859092","['Abs', 'Bluetooth', 'Cd player', 'Esp', 'Immobilizer', 'Isofix -παιδικά καθίσματα', 'Parktronic', 'Usb', 'Αντ\\u002Fγή με σκάφος δεκτή', 'Αντίκα', 'Ανταλλαγή με car δεκτή', 'Ανταλλαγή με μοτο', 'Απόσυρσης-δικαίωμα', 'Ατρακάριστο', 'Εγγύηση', 'Επιταγές δεκτές', 'Ζάντες αλουμινίου', 'Ηλεκτρικά παράθυρα', 'Ηλεκτρικοί καθρέφτες', 'Κεντρικό κλείδωμα', 'Κλιματισμός αυτόματος', 'Μη καπνιστή', 'Πιστωτική κάρτα δεκτή', 'Προβολείς ομίχλης', 'Τιμόνι πολλών χρήσεων', 'Υδραυλικό τιμόνι', 'Υπολογιστής ταξιδιού']",Προσθιοκίνητο(FWD)
Renault,Twingo,2016,Renault Twingo '16 CABRIO*ΑΡΙΣΤΗ ΚΑΤΑΣΤΑΣΗ*CRUIZE,RenaultTwingoCABRIO*ΑΡΙΣΤΗΚΑΤΑΣΤΑΣΗ*CRUIZECONTROL*'16,332236525,8.999€,"222,01€/μήνα",Μεταχειρισμένο,Κάμπριο/Roadster,1/2016,145.000χλμ,Βενζίνη,1.000cc,70bhp,Χειροκίνητο,Κόκκινοσκούρο(Μεταλλικό),Μαύρο,Ύφασμα,8/2024,105g/km,Euro6d-temp,15ίντσες,106€,"5(Εντός)/4(Εκτός)/4,50(Μικτό)λ/100χλμ",Άγνωστο,1,6,5,5,,1ώραπριν,29,www.car.gr/332236525,"2310751539,6980778727,6985859092","['{Abs', '{Bluetooth', '{Cruise control', '{Esp', '{Immobilizer', '{Isofix -παιδικά καθίσματα', '{Usb', '{Αντ\\u002Fγή με σκάφος δεκτή', '{Αντίκα', '{Ανταλλαγή με car δεκτή', '{Ανταλλαγή με μοτο', '{Απόσυρσης-δικαίωμα', '{Ατρακάριστο', '{Εισαγωγής', '{Ηλεκτρικά παράθυρα', '{Ηλεκτρικοί καθρέφτες', '{Κεντρικό κλείδωμα', '{Κλιματισμός(a\\u002Fc)', '{Υδραυλικό τιμόνι', '{Υπολογιστής ταξιδιού', '{Φώτα led']",Προσθιοκίνητο(FWD)
Suzuki,Alto,2010,Suzuki Alto '10 1000cc BRC-LPG ★ 95.000 KM,SuzukiAlto1000ccBRC-LPG★95.000KM★'10,321764745,6.490€,"160,11€/μήνα",Μεταχειρισμένο,Κόμπακτ/Hatchback,4/2010,105.000χλμ,Αέριο(lpg)-βενζίνη,1.000cc,70bhp,Χειροκίνητο,Ασημί(Μεταλλικό),Γκρι,Ύφασμα,3/2023,,Euro5,14ίντσες,,"3,50(Μικτό)λ/100χλμ",Άγνωστο,1,2,5,5,,1ώραπριν,38,www.car.gr/321764745,"2310751539,6980778727,6985859092","['Abs', 'Cd player', 'Esp', 'Immobilizer', 'Isofix -παιδικά καθίσματα', 'Parktronic', 'Usb', 'Ανταλλαγή με car δεκτή', 'Ανταλλαγή με μοτο', 'Απόσυρσης-δικαίωμα', 'Ατρακάριστο', 'Εγγύηση', 'Επιταγές δεκτές', 'Ηλεκτρικά παράθυρα', 'Κεντρικό κλείδωμα', 'Κλιματισμός(a\\u002Fc)', 'Μη καπνιστή', 'Πιστωτική κάρτα δεκτή', 'Προβολείς ομίχλης', 'Υδραυλικό τιμόνι', 'Υπολογιστής ταξιδιού']",Προσθιοκίνητο(FWD)
Toyota,Auris,2008,Toyota Auris,ToyotaAuris'08,334017902,7.900€,,Μεταχειρισμένο,Κόμπακτ/Hatchback,2/2008,118.000χλμ,Βενζίνη,1.398cc,101bhp,Χειροκίνητο,Μαύρο(Μεταλλικό),,,,,,16ίντσες,,8(Εντός)/6(Εκτός)/7(Μικτό)λ/100χλμ,Ζυγό,2,,4,4,,5ώρεςπριν,675,www.car.gr/334017902,6906201502,"['Abs', 'Cd player', 'Cruise control', 'Esp', 'Immobilizer', 'Parktronic', 'Ζάντες αλουμινίου', 'Ηλεκτρικά παράθυρα', 'Ηλεκτρικοί καθρέφτες', 'Κεντρικό κλείδωμα', 'Κλιματισμός αυτόματος', 'Κλιματισμός(a\\u002Fc)', 'Μη καπνιστή', 'Υδραυλικό τιμόνι', 'Υπολογιστής ταξιδιού']",
Nissan,Pixo,2010,Nissan Pixo '10 BENZINH-GAS ΑΡΙΣΤΗ ΚΑΤΑΣΤΑΣΗ,NissanPixoBENZINH-GASΑΡΙΣΤΗΚΑΤΑΣΤΑΣΗABS-A/C-SERVICE!!'10,331894266,6.800€,"167,76€/μήνα",Μεταχειρισμένο,Κόμπακτ/Hatchback,7/2010,140.000χλμ,Αέριο(lpg)-βενζίνη,1.000cc,70bhp,Χειροκίνητο,Ασημί(Μεταλλικό),Μαύρο,Ύφασμα,4/2024,,Euro5,14ίντσες,135€,4(Εντός)/4(Εκτός)/4(Μικτό)λ/100χλμ,Άγνωστο,1,4,5,5,Ναι,1ώραπριν,21,www.car.gr/331894266,"2310751539,6980778727,6985859092","['Abs', 'Cd player', 'Immobilizer', 'Αντ\\u002Fγή με σκάφος δεκτή', 'Αντίκα', 'Ανταλλαγή με car δεκτή', 'Ανταλλαγή με μοτο', 'Απόσυρσης-δικαίωμα', 'Ατρακάριστο', 'Βιβλίο service', 'Εγγύηση', 'Επιταγές δεκτές', 'Κλιματισμός(a\\u002Fc)', 'Μη καπνιστή', 'Πιστωτική κάρτα δεκτή', 'Υδραυλικό τιμόνι']",Προσθιοκίνητο(FWD)
Kia,Venga,2012,Kia Venga '12  1.4 CRDi(90HP)★6-TAXYTO★FULL,KiaVenga1.4CRDi(90HP)★6-TAXYTO★FULLEXTRA★SERVICE★'12,324061405,8.490€,"209,45€/μήνα",Μεταχειρισμένο,Κόμπακτ/Hatchback,3/2012,101.000χλμ,Πετρέλαιο,1.400cc,90bhp,Χειροκίνητο,Μπεζ(Μεταλλικό),Μαύρο,Ύφασμα,5/2023,124g/km,Euro5,16ίντσες,148€,3(Εντός)/3(Εκτός)/3(Μικτό)λ/100χλμ,Άγνωστο,1,6,5,5,Ναι,1ώραπριν,22,www.car.gr/324061405,"2310751539,6980778727,6985859092","['{Abs', '{Bluetooth', '{Cd player', '{Esp', '{Immobilizer', '{Isofix -παιδικά καθίσματα', '{Parktronic', '{Turbo', '{Usb', '{Ανταλλαγή με car δεκτή', '{Ανταλλαγή με μοτο', '{Απόσυρσης-δικαίωμα', '{Ατρακάριστο', '{Βιβλίο service', '{Εγγύηση', '{Ζάντες αλουμινίου', '{Ηλεκτρικά παράθυρα', '{Ηλεκτρικοί καθρέφτες', '{Κεντρικό κλείδωμα', '{Κλιματισμός(a\\u002Fc)', '{Μη καπνιστή', '{Πιστωτική κάρτα δεκτή', '{Προβολείς ομίχλης', '{Τιμόνι πολλών χρήσεων', '{Υδραυλικό τιμόνι', '{Υπολογιστής ταξιδιού']",Προσθιοκίνητο(FWD)
Fiat,Panda,2016,Fiat Panda '16 900 TWIN AIR START STOP ΑΡΙΣΤΗ,FiatPanda900TWINAIRSTARTSTOPΑΡΙΣΤΗΚΑΤΑΣΤΑΣΗ!!'16,327060540,7.850€,"190,90€/μήνα",Μεταχειρισμένο,Κόμπακτ/Hatchback,1/2016,90.100χλμ,Βενζίνη,900cc,85bhp,Χειροκίνητο,Ασημί(Μεταλλικό),Κόκκινο,Ύφασμα,10/2024,88g/km,Euro6c,14ίντσες,0€,"5(Εντός)/4(Εκτός)/4,50(Μικτό)λ/100χλμ",Άγνωστο,,6,5,5,,1ώραπριν,56,www.car.gr/327060540,"2310751539,6980778727,6985859092","['{Abs', '{Bluetooth', '{Eco start\\u002Fstop', '{Esp', '{Immobilizer', '{Αντ\\u002Fγή με σκάφος δεκτή', '{Αντίκα', '{Ανταλλαγή με car δεκτή', '{Ανταλλαγή με μοτο', '{Αντικλεπτικό gps', '{Ατρακάριστο', '{Εισαγωγής', '{Ηλεκτρικά παράθυρα', '{Κεντρικό κλείδωμα', '{Κλιματισμός αυτόματος', '{Κλιματισμός(a\\u002Fc)', '{Πιστωτική κάρτα δεκτή', '{Υδραυλικό τιμόνι', '{Υπολογιστής ταξιδιού']",Προσθιοκίνητο(FWD)
Fiat,Panda,2015,Fiat Panda '15 0.9 TwinAIr (85Hp) ★ Start & Stop ★ EURO6,FiatPanda0.9TwinAIr(85Hp)★Start&Stop★EURO6★'15,321851883,7.990€,"197,11€/μήνα",Μεταχειρισμένο,Κόμπακτ/Hatchback,3/2015,144.000χλμ,Βενζίνη,900cc,85bhp,Χειροκίνητο,Ασπρο,Κόκκινο,Ύφασμα,4/2024,,Euro6d-temp,14ίντσες,,"5(Εντός)/4(Εκτός)/4,50(Μικτό)λ/100χλμ",Άγνωστο,1,6,5,5,,1ώραπριν,19,www.car.gr/321851883,"2310751539,6980778727,6985859092","['{Abs', '{Cd player', '{Eco start\\u002Fstop', '{Immobilizer', '{Isofix -παιδικά καθίσματα', '{Parktronic', '{Usb', '{Ανταλλαγή με car δεκτή', '{Ανταλλαγή με μοτο', '{Απόσυρσης-δικαίωμα', '{Ατρακάριστο', '{Βιβλίο service', '{Εγγύηση', '{Ηλεκτρικά παράθυρα', '{Κεντρικό κλείδωμα', '{Κλιματισμός(a\\u002Fc)', '{Μη καπνιστή', '{Πιστωτική κάρτα δεκτή', '{Τιμόνι πολλών χρήσεων', '{Υδραυλικό τιμόνι', '{Υπολογιστής ταξιδιού']",Προσθιοκίνητο(FWD)
Opel,GT,2008,Opel GT '08  2.0,OpelGT2.0Turbo'08,327784607,19.000€Ξένανούμερα,,Μεταχειρισμένο,Κάμπριο/Roadster,8/2008,71.013χλμ,Βενζίνη,1.998cc,300bhp,Χειροκίνητο,Κόκκινοσκούρο(Μεταλλικό),Δίχρωμο,Δέρμα,11/2024,,,,,,Μονό,,4,2,2,,1ώραπριν,3425,www.car.gr/327784607,"6949310404,6949310404","['Taxfree -ξένα νούμερα', 'Abs', 'Bluetooth', 'Bucket καθίσματα', 'Cd player', 'Cruise control', 'Esp', 'Hill assist', 'Immobilizer', 'Isofix -παιδικά καθίσματα', 'Parktronic', 'Tcs - asr', 'Usb', 'Αισθητήρας βροχής', 'Ανταλλαγή με car δεκτή', 'Ατρακάριστο', 'Βιβλίο service', 'Γραμμάτια δεκτά', 'Δερμάτινα καθίσματα', 'Εγγύηση', 'Ελληνικής αντιπροσωπείας', 'Επιταγές δεκτές', 'Ζάντες αλουμινίου', 'Ηλεκτρικά παράθυρα', 'Ηλεκτρικοί καθρέφτες', 'Θερμαινόμενα καθίσματα', 'Κεντρικό κλείδωμα', 'Κλιματισμός αυτόματος', 'Μη καπνιστή', 'Μπλοκέ διαφορικό', 'Οθόνη tft', 'Προβολείς ομίχλης', 'Συναγερμός', 'Τιμόνι πολλών χρήσεων', 'Υδραυλικό τιμόνι', 'Υπολογιστής ταξιδιού', 'Φώτα led', 'Φώτα xenon']",Πισωκίνητο(RWD)
Ford,Mondeo,2004,Ford Mondeo '04 *LPG (ΑΕΡΙΟ)*FULL ΕΧΤΡΑ*ΕΚΔΟΣΗ GHIA*ΕΛΑΣΤΙΚΑ,FordMondeo*LPG(ΑΕΡΙΟ)*FULLΕΧΤΡΑ*ΕΚΔΟΣΗGHIA*ΕΛΑΣΤΙΚΑΝΕW*'04,323068179,2.999€,"73,99€/μήνα",Μεταχειρισμένο,Λιμουζίνα/Sedan,6/2004,333.000χλμ,Αέριο(lpg)-βενζίνη,2.000cc,145bhp,Χειροκίνητο,Μαύρο(Μεταλλικό),Δίχρωμο,Δέρμα,6/2022,,,17ίντσες,,7(Εντός)/7(Εκτός)/7(Μικτό)λ/100χλμ,Μονό,,8,5,5,Ναι,1ώραπριν,49,www.car.gr/323068179,"2310751539,6980778727,6985859092","['Abs', 'Bluetooth', 'Cd player', 'Cruise control', 'Esp', 'Immobilizer', 'Isofix -παιδικά καθίσματα', 'Parktronic', 'Αντ\\u002Fγή με σκάφος δεκτή', 'Ανταλλαγή με car δεκτή', 'Ανταλλαγή με μοτο', 'Ατρακάριστο', 'Βιβλίο service', 'Γραμμάτια δεκτά', 'Ελληνικής αντιπροσωπείας', 'Επιταγές δεκτές', 'Ζάντες αλουμινίου', 'Ηλεκτρικά καθίσματα', 'Ηλεκτρικά παράθυρα', 'Ηλεκτρικοί καθρέφτες', 'Θερμαινόμενα καθίσματα', 'Κεντρικό κλείδωμα', 'Κλιματισμός αυτόματος', 'Κλιματισμός(a\\u002Fc)', 'Μη καπνιστή', 'Πιστωτική κάρτα δεκτή', 'Προβολείς ομίχλης', 'Υδραυλικό τιμόνι', 'Υπολογιστής ταξιδιού']",Προσθιοκίνητο(FWD)
Bmw,318GranTurismo,2015,Bmw 318 Gran Turismo '15,Bmw318GranTurismoSportline'15,324065859,31.000€,,Μεταχειρισμένο,Κόμπακτ/Hatchback,11/2015,105.954χλμ,Πετρέλαιο,1.998cc,191bhp,Χειροκίνητο,Γκρι(Μεταλλικό),Μπεζ,Δέρμα,11/2022,,,,,,Μονό,,8,5,5,,1ώραπριν,5817,www.car.gr/324065859,"6949310404,6949310404","['{Abs', '{Adaptive cruise control (acc)', '{Android auto', '{Apple carplay', '{Bluetooth', '{Bucket καθίσματα', '{Cd player', '{Cruise control', '{Eco start\\u002Fstop', '{Esp', '{Hill assist', '{Immobilizer', '{Isofix -παιδικά καθίσματα', '{Keyless', '{Navigation - gps', '{Parktronic', '{Tcs - asr', '{Turbo', '{Usb', '{Αισθητήρας βροχής', '{Ανταλλαγή με car δεκτή', '{Ανταλλαγή με μοτο', '{Ατρακάριστο', '{Βιβλίο service', '{Γραμμάτια δεκτά', '{Δερμάτινα καθίσματα', '{Εγγύηση', '{Ελληνικής αντιπροσωπείας', '{Επιταγές δεκτές', '{Ζάντες αλουμινίου', '{Ηλεκτρικά παράθυρα', '{Ηλεκτρικοί καθρέφτες', '{Κεντρικό κλείδωμα', '{Κλιματισμός αυτόματος', '{Μη καπνιστή', '{Οθόνη tft', '{Προβολείς ομίχλης', '{Συναγερμός', '{Τιμόνι πολλών χρήσεων', '{Υδραυλικό τιμόνι', '{Υπολογιστής ταξιδιού', '{Φώτα led', '{Φώτα που στρίβουν']",Πισωκίνητο(RWD)
Fiat,PuntoEvo,2014,Fiat Punto Evo '14 1200cc 85.000 ΧΙΛΙΟΜΕΤΡΑ,FiatPuntoEvo1200cc85.000ΧΙΛΙΟΜΕΤΡΑΖΑΝΤΕΣ'14,326477204,7.999€,"197,34€/μήνα",Μεταχειρισμένο,Κόμπακτ/Hatchback,3/2014,85.000χλμ,Βενζίνη,1.242cc,80bhp,Χειροκίνητο,Ασημί(Μεταλλικό),Μαύρο,Ύφασμα,2/2024,126g/km,Euro5,15ίντσες,151€,3(Εντός)/3(Εκτός)/3(Μικτό)λ/100χλμ,Ζυγό,1,6,5,5,Ναι,1ώραπριν,48,www.car.gr/326477204,"2310751539,6980778727,6985859092","['Abs', 'Cd player', 'Eco start\\u002Fstop', 'Esp', 'Immobilizer', 'Ανταλλαγή με car δεκτή', 'Ανταλλαγή με μοτο', 'Ατρακάριστο', 'Βιβλίο service', 'Εγγύηση', 'Ζάντες αλουμινίου', 'Ηλεκτρικά παράθυρα', 'Ηλεκτρικοί καθρέφτες', 'Κεντρικό κλείδωμα', 'Κλιματισμός(a\\u002Fc)', 'Μη καπνιστή', 'Πιστωτική κάρτα δεκτή', 'Τιμόνι πολλών χρήσεων', 'Υδραυλικό τιμόνι']",Προσθιοκίνητο(FWD)
Volkswagen,Scirocco,2012,Volkswagen Scirocco '12  2.0 TDI Match DSG F1- Viper,VolkswagenScirocco2.0TDIMatchDSGF1-ViperGreen'12,331621104,16.600€,,Μεταχειρισμένο,Κουπέ-Σπόρ,10/2012,189.000χλμ,Πετρέλαιο,1.968cc,177bhp,Αυτόματο,Πράσινο(Μεταλλικό),Μαύρο,Δέρμα-ύφασμα,1/2025,,Euro5,19ίντσες,,"5,60(Εντός)/5(Εκτός)/5,30(Μικτό)λ/100χλμ",Μονό,2,8,3,4,,17λεπτάπριν,150,www.car.gr/331621104,"2399051722,6937068306","['Abs', 'Adaptive cruise control (acc)', 'Android auto', 'Bluetooth', 'Bucket καθίσματα', 'Cd player', 'Cruise control', 'Dvd', 'Esp', 'Hill assist', 'Immobilizer', 'Isofix -παιδικά καθίσματα', 'Navigation - gps', 'Parktronic', 'Turbo', 'Usb', 'Αισθητήρας βροχής', 'Ατρακάριστο', 'Βιβλίο service', 'Δερμάτινα καθίσματα', 'Εισαγωγής', 'Ζάντες αλουμινίου', 'Ηλεκτρικά παράθυρα', 'Ηλεκτρικοί καθρέφτες', 'Θερμαινόμενα καθίσματα', 'Κεντρικό κλείδωμα', 'Κλιματισμός αυτόματος', 'Κλιματισμός(a\\u002Fc)', 'Μη καπνιστή', 'Οθόνη tft', 'Προβολείς ομίχλης', 'Ράδιοκασετ\\u002Fνο', 'Συναγερμός', 'Τιμόνι πολλών χρήσεων', 'Υδραυλικό τιμόνι', 'Υπολογιστής ταξιδιού', 'Φώτα xenon', 'Φώτα που στρίβουν']",Προσθιοκίνητο(FWD)
Bmw,M3,2003,Bmw M3 '03,BmwM3SMG'03,327782554,28.000€,,Μεταχειρισμένο,Κουπέ-Σπόρ,12/2003,122.840χλμ,Βενζίνη,3.246cc,360bhp,Αυτόματο,Γκρι(Μεταλλικό),Δίχρωμο,Δέρμα,11/2024,,,,,,Μονό,,8,2,5,,1ώραπριν,21461,www.car.gr/327782554,"6949310404,6949310404","['Abs', 'Bluetooth', 'Bucket καθίσματα', 'Cd player', 'Cruise control', 'Dvd', 'Esp', 'Hill assist', 'Immobilizer', 'Isofix -παιδικά καθίσματα', 'Navigation - gps', 'Parktronic', 'Tcs - asr', 'Turbo', 'Usb', 'Αισθητήρας βροχής', 'Ανταλλαγή με car δεκτή', 'Ατρακάριστο', 'Βιβλίο service', 'Γραμμάτια δεκτά', 'Δερμάτινα καθίσματα', 'Εγγύηση', 'Ελληνικής αντιπροσωπείας', 'Επιταγές δεκτές', 'Ζάντες αλουμινίου', 'Ηλεκτρικά καθίσματα', 'Ηλεκτρικά παράθυρα', 'Ηλεκτρικοί καθρέφτες', 'Θερμαινόμενα καθίσματα', 'Κεντρικό κλείδωμα', 'Κλιματισμός αυτόματος', 'Μη καπνιστή', 'Μπλοκέ διαφορικό', 'Οθόνη tft', 'Οροφή ηλεκτρική \\u002F ηλίου', 'Προβολείς ομίχλης', 'Συναγερμός', 'Τιμόνι πολλών χρήσεων', 'Υδραυλικό τιμόνι', 'Υπολογιστής ταξιδιού', 'Φώτα xenon']",Πισωκίνητο(RWD)
Mercedes-Benz,E200,1997,Mercedes-Benz E 200 '97 ΒΕΝΖΙΝΗ-ΑΕΡΙΟ*AUTOMATIC*CLIMATRONIC*ΤΕΛΗ,Mercedes-BenzE200ΒΕΝΖΙΝΗ-ΑΕΡΙΟ*AUTOMATIC*CLIMATRONIC*ΤΕΛΗ2023*'97,331428256,4.990€,"123,10€/μήνα",Μεταχειρισμένο,Λιμουζίνα/Sedan,11/1997,491.000χλμ,Αέριο(lpg)-βενζίνη,2.000cc,136bhp,Αυτόματο,Μαύρο(Μεταλλικό),Μπεζ,Δέρμα,5/2024,,,16ίντσες,615€,"10(Εντός)/9(Εκτός)/9,50(Μικτό)λ/100χλμ",Μονό,2,6,5,5,,1ώραπριν,21,www.car.gr/331428256,"2310751539,6980778727,6985859092","['{Abs', '{Cd player', '{Cruise control', '{Esp', '{Immobilizer', '{Ανταλλαγή με car δεκτή', '{Ανταλλαγή με μοτο', '{Αντικλεπτικό gps', '{Απόσυρσης-δικαίωμα', '{Ατρακάριστο', '{Εγγύηση', '{Ζάντες αλουμινίου', '{Ηλεκτρικά παράθυρα', '{Ηλεκτρικοί καθρέφτες', '{Κεντρικό κλείδωμα', '{Κλιματισμός αυτόματος', '{Κλιματισμός(a\\u002Fc)', '{Μη καπνιστή', '{Πιστωτική κάρτα δεκτή', '{Προβολείς ομίχλης', '{Υδραυλικό τιμόνι']",Πισωκίνητο(RWD)
Volkswagen,Golf,2018,Volkswagen Golf,VolkswagenGolf'18,332388521,13.500€,,Μεταχειρισμένο,Κουπέ-Σπόρ,1/2018,178.000χλμ,Πετρέλαιο,1.600cc,115bhp,Χειροκίνητο,Γκρι(Μεταλλικό),Δίχρωμο,Ύφασμα,1/2024,,Euro6,15ίντσες,80€,"4(Εντός)/3(Εκτός)/3,50(Μικτό)λ/100χλμ",Μονό,1,8,5,5,,3ώρεςπριν,2014,www.car.gr/332388521,6909444139,"['Abs', 'Adaptive cruise control (acc)', 'Bluetooth', 'Bucket καθίσματα', 'Cruise control', 'Eco start\\u002Fstop', 'Esp', 'Hill assist', 'Immobilizer', 'Isofix -παιδικά καθίσματα', 'Lane assist', 'Tcs - asr', 'Turbo', 'Usb', 'Αισθητήρας βροχής', 'Ατρακάριστο', 'Βιβλίο service', 'Εγγύηση', 'Ελληνικής αντιπροσωπείας', 'Ζάντες αλουμινίου', 'Ηλεκτρικά παράθυρα', 'Ηλεκτρικοί καθρέφτες', 'Κεντρικό κλείδωμα', 'Κλιματισμός(a\\u002Fc)', 'Μη καπνιστή', 'Οθόνη tft', 'Συναγερμός', 'Σύστημα μη σύγκρουσης', 'Τηλέφωνο', 'Τιμόνι πολλών χρήσεων', 'Υδραυλικό τιμόνι', 'Υπολογιστής ταξιδιού', 'Φώτα led', 'Φώτα xenon']",Προσθιοκίνητο(FWD)
Smart,ForTwo,2016,Smart ForTwo '16,SmartForTwo453'16,326797140,19.000€,,Μεταχειρισμένο,Κόμπακτ/Hatchback,1/2016,80.000χλμ,Βενζίνη,1.000cc,90bhp,Αυτόματο,Ασημί,Μαύρο,,,,,18ίντσες,,,Άγνωστο,,,3,2,,5ώρεςπριν,4900,www.car.gr/326797140,"2821092136,6941499244,6941499244","['Abs', 'Android auto', 'Apple carplay', 'Bluetooth', 'Cruise control', 'Eco start\\u002Fstop', 'Hill assist', 'Lane assist', 'Navigation - gps', 'Tcs - asr', 'Turbo', 'Usb', 'Αισθητήρας βροχής', 'Ατρακάριστο', 'Βιβλίο service', 'Ζάντες αλουμινίου', 'Ηλεκτρικά παράθυρα', 'Ηλεκτρικοί καθρέφτες', 'Θερμαινόμενα καθίσματα', 'Κεντρικό κλείδωμα', 'Κλιματισμός αυτόματος', 'Οθόνη tft', 'Οροφή πανοραμική', 'Προβολείς ομίχλης', 'Συναγερμός', 'Τιμόνι πολλών χρήσεων', 'Υδραυλικό τιμόνι', 'Υπολογιστής ταξιδιού', 'Φώτα led', 'Φώτα xenon']",
Opel,Karl,2016,Opel Karl '16 AUTOMATIC !!!NAVI!!!ΔΕΡΜΑ !!!CRS,OpelKarlAUTOMATIC!!!NAVI!!!ΔΕΡΜΑ!!!CRSMOTORS'16,334245786,9.990€,"200,54€/μήνα",Μεταχειρισμένο,Αλλο,8/2016,152.550χλμ,Βενζίνη,999cc,75bhp,Αυτόματο,Ασπρο(Μεταλλικό),Μαύρο,Δέρμα,,,Euro6,15ίντσες,,,Άγνωστο,,4,5,5,,18ώρεςπριν,18,www.car.gr/334245786,"2106617088,2106617087","['Abs', 'Adaptive cruise control (acc)', 'Android auto', 'Bluetooth', 'Bucket καθίσματα', 'Cd player', 'Cruise control', 'Immobilizer', 'Isofix -παιδικά καθίσματα', 'Navigation - gps', 'Turbo', 'Usb', 'Ανταλλαγή με car δεκτή', 'Ανταλλαγή με μοτο', 'Απόσυρσης-δικαίωμα', 'Ατρακάριστο', 'Βιβλίο service', 'Ζάντες αλουμινίου', 'Ηλεκτρικά παράθυρα', 'Ηλεκτρικοί καθρέφτες', 'Κεντρικό κλείδωμα', 'Κλιματισμός αυτόματος', 'Μη καπνιστή', 'Πιστωτική κάρτα δεκτή', 'Προβολείς ομίχλης', 'Τιμόνι πολλών χρήσεων', 'Υδραυλικό τιμόνι', 'Υπολογιστής ταξιδιού']",
Mercedes-Benz,GLC350,2017,Mercedes-Benz GLC 350 '17  e 4MATIC 7G-TRONIC,Mercedes-BenzGLC350e4MATIC7G-TRONICPLUS'17,329962862,50.000€,,Μεταχειρισμένο,4χ4/Τζιπ/Suv,4/2017,116.450χλμ,Υβριδικόplug-inβενζίνη,1.991cc,320bhp,Αυτόματο,Μαύρο(Μεταλλικό),Μαύρο,Alcantara,8/2024,,,,,,Ζυγό,,8,5,5,,2ώρεςπριν,2921,www.car.gr/329962862,"6949310404,6949310404","['Abs', 'Adaptive cruise control (acc)', 'Android auto', 'Apple carplay', 'Bluetooth', 'Bucket καθίσματα', 'Cd player', 'Dvd', 'Eco start\\u002Fstop', 'Esp', 'Hill assist', 'Immobilizer', 'Isofix -παιδικά καθίσματα', 'Lane assist', 'Navigation - gps', 'Parktronic', 'Tcs - asr', 'Turbo', 'Tv\\u002Fcamera', 'Usb', 'Αερανάρτηση', 'Αισθητήρας βροχής', 'Ανταλλαγή με car δεκτή', 'Ατρακάριστο', 'Βιβλίο service', 'Γραμμάτια δεκτά', 'Δερμάτινα καθίσματα', 'Εγγύηση', 'Εισαγωγής', 'Επιταγές δεκτές', 'Ζάντες αλουμινίου', 'Ηλεκτρικά καθίσματα', 'Ηλεκτρικά παράθυρα', 'Ηλεκτρικοί καθρέφτες', 'Θερμαινόμενα καθίσματα', 'Κάμερα οπισθοπορείας', 'Κεντρικό κλείδωμα', 'Κλιματισμός αυτόματος', 'Κοτσαδόρος', 'Μη καπνιστή', 'Μπλοκέ διαφορικό', 'Οθόνη tft', 'Οροφή ηλεκτρική \\u002F ηλίου', 'Οροφή πανοραμική', 'Προβολείς ομίχλης', 'Ράγες οροφής', 'Συναγερμός', 'Σύστημα μη σύγκρουσης', 'Τιμόνι πολλών χρήσεων', 'Υδραυλικό τιμόνι', 'Υπολογιστής ταξιδιού', 'Φώτα led', 'Φώτα που στρίβουν']",4x4(4WD)
Mitsubishi,Outlander,2009,Mitsubishi Outlander '09  2.4,MitsubishiOutlander2.4Invite'09,330240113,9.500€,,Μεταχειρισμένο,4χ4/Τζιπ/Suv,8/2009,185.344χλμ,Βενζίνη,2.360cc,170bhp,Αυτόματο,Μαύρο(Μεταλλικό),Μαύρο,Δέρμα,8/2024,,,,,,Μονό,,6,5,7,,2ώρεςπριν,3217,www.car.gr/330240113,"6949310404,6949310404","['Abs', 'Android auto', 'Apple carplay', 'Bluetooth', 'Bucket καθίσματα', 'Cd player', 'Cruise control', 'Dvd', 'Esp', 'Hill assist', 'Immobilizer', 'Isofix -παιδικά καθίσματα', 'Keyless', 'Navigation - gps', 'Parktronic', 'Tcs - asr', 'Turbo', 'Tv\\u002Fcamera', 'Usb', 'Αισθητήρας βροχής', 'Ανταλλαγή με car δεκτή', 'Ατρακάριστο', 'Βιβλίο service', 'Γραμμάτια δεκτά', 'Δερμάτινα καθίσματα', 'Εγγύηση', 'Ελληνικής αντιπροσωπείας', 'Επιταγές δεκτές', 'Ζάντες αλουμινίου', 'Ηλεκτρικά καθίσματα', 'Ηλεκτρικά παράθυρα', 'Ηλεκτρικοί καθρέφτες', 'Θερμαινόμενα καθίσματα', 'Κάμερα οπισθοπορείας', 'Καθίσματα 7 +', 'Κεντρικό κλείδωμα', 'Κλιματισμός αυτόματος', 'Μπλοκέ διαφορικό', 'Οθόνη tft', 'Οροφή ηλεκτρική \\u002F ηλίου', 'Προβολείς ομίχλης', 'Ράγες οροφής', 'Συναγερμός', 'Τηλέφωνο', 'Τιμόνι πολλών χρήσεων', 'Υδραυλικό τιμόνι', 'Υπολογιστής ταξιδιού', 'Φώτα xenon', 'Φώτα που στρίβουν']",4x4(4WD)
Renault,Kadjar,2016,Renault Kadjar '16 1.6 BOSE-4X4-ALKADARA.PANORAMA-NAVI FULL,RenaultKadjar1.6BOSE-4X4-ALKADARA.PANORAMA-NAVIFULLEXTRA'16,333433137,17.300€,,Μεταχειρισμένο,4χ4/Τζιπ/Suv,1/2016,183.000χλμ,Πετρέλαιο,1.600cc,130bhp,Χειροκίνητο,Μαύρο(Μεταλλικό),,,1/2025,,Euro6,19ίντσες,154€,,Άγνωστο,1,8,5,5,,1ημέραπριν,105,www.car.gr/333433137,"6974481873,2102407277,6946933513","['Abs', 'Apple carplay', 'Bluetooth', 'Bucket καθίσματα', 'Cd player', 'Cruise control', 'Eco start\\u002Fstop', 'Esp', 'Hill assist', 'Immobilizer', 'Isofix -παιδικά καθίσματα', 'Lane assist', 'Navigation - gps', 'Parktronic', 'Turbo', 'Usb', 'Αισθητήρας βροχής', 'Ανταλλαγή με car δεκτή', 'Ατρακάριστο', 'Βιβλίο service', 'Δερμάτινα καθίσματα', 'Εισαγωγής', 'Ζάντες αλουμινίου', 'Ηλεκτρικά παράθυρα', 'Ηλεκτρικοί καθρέφτες', 'Θερμαινόμενα καθίσματα', 'Κάμερα οπισθοπορείας', 'Κεντρικό κλείδωμα', 'Κλιματισμός αυτόματος', 'Κλιματισμός(a\\u002Fc)', 'Μη καπνιστή', 'Μπλοκέ διαφορικό', 'Οθόνη tft', 'Οροφή πανοραμική', 'Προβολείς ομίχλης', 'Ράγες οροφής', 'Ράδιοκασετ\\u002Fνο', 'Σύστημα μη σύγκρουσης', 'Τηλέφωνο', 'Τιμόνι πολλών χρήσεων', 'Υδραυλικό τιμόνι', 'Υπολογιστής ταξιδιού', 'Φώτα led']",
LandRover,Freelander,2002,Land Rover Freelander '02,LandRoverFreelanderΑΡΙΣΤΟ!!!'02,333362876,4.000€,,Μεταχειρισμένο,4χ4/Τζιπ/Suv,12/2002,125.000χλμ,Βενζίνη,1.800cc,125bhp,Χειροκίνητο,Μαύρο(Μεταλλικό),Γκρι,Ύφασμα,12/2024,,,16ίντσες,300€,8(Εντός)/8(Εκτός)/8(Μικτό)λ/100χλμ,Ζυγό,2,4,5,5,,19ώρεςπριν,201,www.car.gr/333362876,6944440692,"['Abs', 'Immobilizer', 'Ανταλλαγή με car δεκτή', 'Ατρακάριστο', 'Βιβλίο service', 'Ελληνικής αντιπροσωπείας', 'Ηλεκτρικά παράθυρα', 'Κεντρικό κλείδωμα', 'Κλιματισμός(a\\u002Fc)', 'Προβολείς ομίχλης', 'Ράγες οροφής', 'Συναγερμός', 'Υδραυλικό τιμόνι']",4x4(4WD)
Mercedes-Benz,SLK200,2004,Mercedes-Benz SLK 200 '04  Kompressor Final,Mercedes-BenzSLK200KompressorFinalEdition'04,334457784,12.500€,,Μεταχειρισμένο,Κάμπριο/Roadster,5/2004,191.827χλμ,Βενζίνη,1.796cc,163bhp,Χειροκίνητο,Ασημί(Μεταλλικό),Άλλο,Δέρμα,6/2024,,,,,,Ζυγό,,4,2,2,,2ώρεςπριν,114,www.car.gr/334457784,"6949310404,6949310404","['Abs', 'Android auto', 'Apple carplay', 'Bluetooth', 'Bucket καθίσματα', 'Cruise control', 'Esp', 'Hardtop', 'Hill assist', 'Immobilizer', 'Isofix -παιδικά καθίσματα', 'Navigation - gps', 'Parktronic', 'Tcs - asr', 'Tv\\u002Fcamera', 'Usb', 'Αισθητήρας βροχής', 'Ανταλλαγή με car δεκτή', 'Αντικλεπτικό gps', 'Ατρακάριστο', 'Βιβλίο service', 'Γραμμάτια δεκτά', 'Δερμάτινα καθίσματα', 'Εγγύηση', 'Ελληνικής αντιπροσωπείας', 'Επιταγές δεκτές', 'Ζάντες αλουμινίου', 'Ηλεκτρικά παράθυρα', 'Ηλεκτρικοί καθρέφτες', 'Κεντρικό κλείδωμα', 'Κλιματισμός(a\\u002Fc)', 'Μη καπνιστή', 'Οθόνη tft', 'Οροφή ηλεκτρική \\u002F ηλίου', 'Οροφή πανοραμική', 'Προβολείς ομίχλης', 'Συναγερμός', 'Τηλέφωνο', 'Τιμόνι πολλών χρήσεων', 'Υδραυλικό τιμόνι', 'Υπολογιστής ταξιδιού', 'Φώτα xenon', 'Φώτα που στρίβουν']",Πισωκίνητο(RWD)
Bmw,216ActiveTourer,2019,Bmw 216 Active Tourer,Bmw216ActiveTourer'19,333232756,22.900€,,Μεταχειρισμένο,Κόμπακτ/Hatchback,3/2019,66.330χλμ,Πετρέλαιο,1.496cc,115bhp,Χειροκίνητο,Μαύρο(Μεταλλικό),Μπεζ,Δέρμα,3/2025,99g/km,Euro6c,16ίντσες,89€,,Ζυγό,1,8,5,5,,5ώρεςπριν,525,www.car.gr/333232756,2310472600,"['{Abs', '{Bucket καθίσματα', '{Eco start\\u002Fstop', '{Esp', '{Immobilizer', '{Isofix -παιδικά καθίσματα', '{Keyless', '{Turbo', '{Βιβλίο service', '{Ελληνικής αντιπροσωπείας', '{Ζάντες αλουμινίου', '{Ηλεκτρικά παράθυρα', '{Ηλεκτρικοί καθρέφτες', '{Κεντρικό κλείδωμα', '{Κλιματισμός(a\\u002Fc)', '{Υδραυλικό τιμόνι']",Προσθιοκίνητο(FWD)
Citroen,C1,2016,Citroen C1 '16 1.0VVTI TOYOTA  1 ΧΡΟΝΟ,CitroenC11.0VVTITOYOTA1ΧΡΟΝΟΕΓΓΥΗΣΗ'16,332289183,8.400€,,Μεταχειρισμένο,Κόμπακτ/Hatchback,5/2016,93.250χλμ,Βενζίνη,958cc,78bhp,Χειροκίνητο,Ασπρο(Μεταλλικό),Μαύρο,Ύφασμα,5/2023,95g/km,Euro6,14ίντσες,83€,5(Μικτό)λ/100χλμ,Άγνωστο,1,4,5,5,,22ώρεςπριν,527,www.car.gr/332289183,"2432023296,6977087359","['{Abs', '{Cd player', '{Esp', '{Immobilizer', '{Usb', '{Ατρακάριστο', '{Εγγύηση', '{Ελληνικής αντιπροσωπείας', '{Ηλεκτρικά παράθυρα', '{Ηλεκτρικοί καθρέφτες', '{Κεντρικό κλείδωμα', '{Κλιματισμός(a\\u002Fc)', '{Μη καπνιστή', '{Προβολείς ομίχλης', '{Υδραυλικό τιμόνι']",
Bmw,116,2019,Bmw 116 '19 EXCLUSIVE,Bmw116EXCLUSIVEAUTO'19,333232529,18.700€,,Μεταχειρισμένο,Κόμπακτ/Hatchback,1/2019,112.500χλμ,Πετρέλαιο,1.496cc,115bhp,Αυτόματο,Ασημί(Μεταλλικό),Μαύρο,Ύφασμα,1/2025,99g/km,Euro6c,16ίντσες,89€,,Μονό,1,8,5,5,,5ώρεςπριν,915,www.car.gr/333232529,2310472600,"['Abs', 'Bucket καθίσματα', 'Eco start\\u002Fstop', 'Esp', 'Immobilizer', 'Isofix -παιδικά καθίσματα', 'Keyless', 'Turbo', 'Βιβλίο service', 'Ελληνικής αντιπροσωπείας', 'Ζάντες αλουμινίου', 'Ηλεκτρικά παράθυρα', 'Ηλεκτρικοί καθρέφτες', 'Κεντρικό κλείδωμα', 'Κλιματισμός(a\\u002Fc)', 'Υδραυλικό τιμόνι']",Πισωκίνητο(RWD)
Ford,Fiesta,2009,Ford Fiesta '09  1.25,FordFiesta1.25Trend'09,330771094,6.500€,,Μεταχειρισμένο,Κόμπακτ/Hatchback,3/2009,179.931χλμ,Αέριο(lpg)-βενζίνη,1.242cc,82bhp,Χειροκίνητο,Κόκκινοσκούρο(Μεταλλικό),Δίχρωμο,Ύφασμα,4/2023,,,,,,Μονό,,7,5,5,,2ώρεςπριν,2220,www.car.gr/330771094,"6949310404,6949310404","['{Abs', '{Bluetooth', '{Bucket καθίσματα', '{Cd player', '{Esp', '{Hill assist', '{Immobilizer', '{Isofix -παιδικά καθίσματα', '{Parktronic', '{Tcs - asr', '{Ανταλλαγή με car δεκτή', '{Ατρακάριστο', '{Βιβλίο service', '{Γραμμάτια δεκτά', '{Εγγύηση', '{Επιταγές δεκτές', '{Ηλεκτρικά παράθυρα', '{Ηλεκτρικοί καθρέφτες', '{Κεντρικό κλείδωμα', '{Κλιματισμός(a\\u002Fc)', '{Οθόνη tft', '{Συναγερμός', '{Τιμόνι πολλών χρήσεων', '{Υδραυλικό τιμόνι', '{Υπολογιστής ταξιδιού', '{Φώτα xenon']",
Ford,Focus,2017,Ford Focus '17 1.5 TDCi START STOP BUSINESS,FordFocus1.5TDCiSTARTSTOPBUSINESSEDITION!'17,321212885,10.500€,"233,13€/μήνα",Μεταχειρισμένο,Κόμπακτ/Hatchback,1/2017,103.000χλμ,Πετρέλαιο,1.500cc,95bhp,Χειροκίνητο,Ασπρο,Μαύρο,Ύφασμα,2/2023,99g/km,Euro6c,16ίντσες,88€,4(Εντός)/4(Εκτός)/4(Μικτό)λ/100χλμ,Άγνωστο,1,6,5,5,Ναι,1ώραπριν,74,www.car.gr/321212885,"2310751539,6980778727,6985859092","['{Abs', '{Bluetooth', '{Cd player', '{Cruise control', '{Eco start\\u002Fstop', '{Esp', '{Immobilizer', '{Isofix -παιδικά καθίσματα', '{Turbo', '{Ανταλλαγή με car δεκτή', '{Ανταλλαγή με μοτο', '{Απόσυρσης-δικαίωμα', '{Ατρακάριστο', '{Βιβλίο service', '{Εγγύηση', '{Ηλεκτρικά παράθυρα', '{Ηλεκτρικοί καθρέφτες', '{Κεντρικό κλείδωμα', '{Κλιματισμός αυτόματος', '{Κλιματισμός(a\\u002Fc)', '{Μη καπνιστή', '{Πιστωτική κάρτα δεκτή', '{Τιμόνι πολλών χρήσεων', '{Υδραυλικό τιμόνι', '{Υπολογιστής ταξιδιού']",Προσθιοκίνητο(FWD)
Citroen,C3Picasso,2011,Citroen C3 Picasso '11 *AΡΙΣΤΗ ΚΑΤΑΣΤΑΣΗ*FULL,CitroenC3Picasso*AΡΙΣΤΗΚΑΤΑΣΤΑΣΗ*FULLEXTRA*ZANTEΣ*ABS*ORIGINAL!!'11,331961460,6.850€,"168,99€/μήνα",Μεταχειρισμένο,Κόμπακτ/Hatchback,1/2011,150.000χλμ,Βενζίνη,1.400cc,95bhp,Χειροκίνητο,Γκρι(Μεταλλικό),Μαύρο,Ύφασμα,1/2025,149g/km,Euro5,15ίντσες,255€,"6(Εντός)/5(Εκτός)/5,50(Μικτό)λ/100χλμ",Άγνωστο,1,4,5,5,,1ώραπριν,59,www.car.gr/331961460,"2310751539,6980778727,6985859092","['{Abs', '{Bluetooth', '{Cd player', '{Cruise control', '{Esp', '{Immobilizer', '{Αντ\\u002Fγή με σκάφος δεκτή', '{Αντίκα', '{Ανταλλαγή με car δεκτή', '{Ανταλλαγή με μοτο', '{Απόσυρσης-δικαίωμα', '{Ατρακάριστο', '{Βιβλίο service', '{Εγγύηση', '{Εισαγωγής', '{Ζάντες αλουμινίου', '{Ηλεκτρικά παράθυρα', '{Ηλεκτρικοί καθρέφτες', '{Κεντρικό κλείδωμα', '{Κλιματισμός(a\\u002Fc)', '{Πιστωτική κάρτα δεκτή', '{Προβολείς ομίχλης', '{Υπολογιστής ταξιδιού']",Προσθιοκίνητο(FWD)
Mini,CooperD,2015,Mini Cooper D '15,MiniCooperDChilli'15,330976473,17.000€,,Μεταχειρισμένο,Κόμπακτ/Hatchback,12/2015,43.609χλμ,Πετρέλαιο,1.496cc,116bhp,Χειροκίνητο,Πορτοκαλί(Μεταλλικό),Δίχρωμο,Δέρμα-ύφασμα,12/2024,,,,,,Μονό,,6,3,4,,2ώρεςπριν,1792,www.car.gr/330976473,"6949310404,6949310404","['Abs', 'Android auto', 'Apple carplay', 'Bluetooth', 'Bucket καθίσματα', 'Cd player', 'Cruise control', 'Eco start\\u002Fstop', 'Esp', 'Hill assist', 'Immobilizer', 'Isofix -παιδικά καθίσματα', 'Parktronic', 'Tcs - asr', 'Turbo', 'Usb', 'Αισθητήρας βροχής', 'Ανταλλαγή με car δεκτή', 'Ατρακάριστο', 'Βιβλίο service', 'Γραμμάτια δεκτά', 'Δερμάτινα καθίσματα', 'Εγγύηση', 'Ελληνικής αντιπροσωπείας', 'Επιταγές δεκτές', 'Ζάντες αλουμινίου', 'Ηλεκτρικά παράθυρα', 'Ηλεκτρικοί καθρέφτες', 'Κεντρικό κλείδωμα', 'Κλιματισμός αυτόματος', 'Μη καπνιστή', 'Οθόνη tft', 'Προβολείς ομίχλης', 'Συναγερμός', 'Τιμόνι πολλών χρήσεων', 'Υδραυλικό τιμόνι', 'Υπολογιστής ταξιδιού', 'Φώτα led', 'Φώτα που στρίβουν']",Προσθιοκίνητο(FWD)
Suzuki,Swift,2008,Suzuki Swift '08 1.3,SuzukiSwift1.3DDIS'08,333445226,5.900€,,Μεταχειρισμένο,Κόμπακτ/Hatchback,6/2008,167.000χλμ,Πετρέλαιο,1.285cc,87bhp,Χειροκίνητο,Μπλέ,Μαύρο,Ύφασμα,12/2023,,Euro5,15ίντσες,135€,,Μονό,2,4,5,5,,22ώρεςπριν,921,www.car.gr/333445226,"2432023296,6977087359","['Abs', 'Cd player', 'Esp', 'Immobilizer', 'Turbo', 'Ατρακάριστο', 'Εισαγωγής', 'Ζάντες αλουμινίου', 'Ηλεκτρικά παράθυρα', 'Ηλεκτρικοί καθρέφτες', 'Κεντρικό κλείδωμα', 'Κλιματισμός(a\\u002Fc)', 'Μη καπνιστή', 'Τιμόνι πολλών χρήσεων', 'Υδραυλικό τιμόνι']",
,,,,,,,,,,,,,,,,,,,,,,,,,,,,,,,,,,,,
Nissan,Qashqai,2019,Nissan Qashqai '19  1.5 dCi,NissanQashqai1.5dCiN-CONNECTA'19,334302046,23.900€,,Μεταχειρισμένο,4χ4/Τζιπ/Suv,3/2019,81.550χλμ,Πετρέλαιο,1.461cc,115bhp,Χειροκίνητο,Γκρι(Μεταλλικό),Γκρι,Ύφασμα,3/2025,110g/km,Euro6,18ίντσες,107€,,Μονό,1,8,5,5,,5ώρεςπριν,123,www.car.gr/334302046,2310472600,"['Abs', 'Bluetooth', 'Bucket καθίσματα', 'Cruise control', 'Eco start\\u002Fstop', 'Esp', 'Immobilizer', 'Isofix -παιδικά καθίσματα', 'Keyless', 'Lane assist', 'Parktronic', 'Turbo', 'Usb', 'Βιβλίο service', 'Ελληνικής αντιπροσωπείας', 'Ηλεκτρικά παράθυρα', 'Ηλεκτρικοί καθρέφτες', 'Κάμερα οπισθοπορείας', 'Κλιματισμός(a\\u002Fc)', 'Υδραυλικό τιμόνι']",
Peugeot,106,1996,Peugeot 106 '96 CRS,Peugeot106CRSMOTORS'96,11886639,3.200€,,Μεταχειρισμένο,Κουπέ-Σπόρ,5/1996,230χλμ,Βενζίνη,1.600cc,105bhp,Χειροκίνητο,Ασπρο,,,,,,,,,Άγνωστο,,,3,5,,18ώρεςπριν,36,www.car.gr/11886639,"2106617088,2106617087","['Bucket καθίσματα', 'Cd player', 'Αντ\\u002Fγή με σκάφος δεκτή', 'Ανταλλαγή με car δεκτή', 'Απόσυρσης-δικαίωμα', 'Ατρακάριστο', 'Βιβλίο service', 'Ηλεκτρικά παράθυρα', 'Ηλεκτρικοί καθρέφτες', 'Κεντρικό κλείδωμα', 'Πιστωτική κάρτα δεκτή', 'Προβολείς ομίχλης']",Προσθιοκίνητο(FWD)
Smart,ForFour,2018,Smart ForFour '18  0.9 turbo passion,SmartForFour0.9turbopassiontwinamic'18,331816631,15.500€,,Μεταχειρισμένο,Κόμπακτ/Hatchback,6/2018,42.875χλμ,Βενζίνη,898cc,110bhp,Αυτόματο,Μπλέ(Μεταλλικό),Δίχρωμο,Ύφασμα,6/2023,,,,,,Ζυγό,,7,5,4,,2ώρεςπριν,1399,www.car.gr/331816631,"6949310404,6949310404","['{Abs', '{Android auto', '{Apple carplay', '{Bluetooth', '{Bucket καθίσματα', '{Cruise control', '{Eco start\\u002Fstop', '{Esp', '{Hill assist', '{Immobilizer', '{Isofix -παιδικά καθίσματα', '{Navigation - gps', '{Parktronic', '{Tcs - asr', '{Turbo', '{Tv\\u002Fcamera', '{Usb', '{Αισθητήρας βροχής', '{Ανταλλαγή με car δεκτή', '{Αντικλεπτικό gps', '{Ατρακάριστο', '{Βιβλίο service', '{Γραμμάτια δεκτά', '{Εγγύηση', '{Εισαγωγής', '{Επιταγές δεκτές', '{Ζάντες αλουμινίου', '{Ηλεκτρικά παράθυρα', '{Ηλεκτρικοί καθρέφτες', '{Θερμαινόμενα καθίσματα', '{Κάμερα οπισθοπορείας', '{Κεντρικό κλείδωμα', '{Κλιματισμός αυτόματος', '{Μη καπνιστή', '{Οθόνη tft', '{Οροφή ηλεκτρική \\u002F ηλίου', '{Οροφή πανοραμική', '{Προβολείς ομίχλης', '{Συναγερμός', '{Τιμόνι πολλών χρήσεων', '{Υδραυλικό τιμόνι', '{Υπολογιστής ταξιδιού', '{Φώτα led', '{Φώτα που στρίβουν']",Πισωκίνητο(RWD)
Ford,Fiesta,2015,Ford Fiesta '15 ST-LINE @[email,FordFiestaST-LINE@[emailprotected]'15,328911039,12.900€,,Μεταχειρισμένο,Κόμπακτ/Hatchback,11/2015,120.000χλμ,Πετρέλαιο,1.500cc,95bhp,Χειροκίνητο,Κόκκινο(Μεταλλικό),Μαύρο,Δέρμα,12/2024,,Euro6,17ίντσες,98€,"5(Εντός)/6(Εκτός)/5,50(Μικτό)λ/100χλμ",Άγνωστο,,6,5,5,,21ώρεςπριν,2817,www.car.gr/328911039,6988113308,"['Abs', 'Android auto', 'Apple carplay', 'Bluetooth', 'Bucket καθίσματα', 'Cd player', 'Cruise control', 'Esp', 'Hill assist', 'Immobilizer', 'Isofix -παιδικά καθίσματα', 'Parktronic', 'Turbo', 'Usb', 'Ατρακάριστο', 'Βιβλίο service', 'Δερμάτινα καθίσματα', 'Εγγύηση', 'Εισαγωγής', 'Επιταγές δεκτές', 'Ζάντες αλουμινίου', 'Ηλεκτρικά παράθυρα', 'Ηλεκτρικοί καθρέφτες', 'Κεντρικό κλείδωμα', 'Κλιματισμός αυτόματος', 'Μη καπνιστή', 'Προβολείς ομίχλης', 'Ράδιοκασετ\\u002Fνο', 'Τηλέφωνο', 'Τιμόνι πολλών χρήσεων', 'Υδραυλικό τιμόνι', 'Υπολογιστής ταξιδιού', 'Φώτα led', 'Φώτα xenon', 'Φώτα που στρίβουν']",
Ford,Fiesta,2017,Ford Fiesta,FordFiesta'17,333676471,7.900€,,Μεταχειρισμένο,Van/MiniBus,1/2017,105.000χλμ,Πετρέλαιο,1.500cc,75bhp,Χειροκίνητο,Ασπρο(Μεταλλικό),Μαύρο,Ύφασμα,5/2025,105g/km,Euro6,16ίντσες,,5(Εντός)/λ/100χλμ,Άγνωστο,1,,2,2,,21ώρεςπριν,820,www.car.gr/333676471,6988113308,[],
Ford,Fiesta,2016,Ford Fiesta '16  ST,FordFiestaST200'16,325918827,16.900€,,Μεταχειρισμένο,Κουπέ-Σπόρ,1/2016,115.000χλμ,Βενζίνη,1.600cc,182bhp,Χειροκίνητο,Μαύρο(Μεταλλικό),Μαύρο,Δέρμα,,,Euro6,18ίντσες,,,Άγνωστο,1,8,3,4,,21ώρεςπριν,10375,www.car.gr/325918827,6988113308,"['Abs', 'Android auto', 'Bluetooth', 'Bucket καθίσματα', 'Cd player', 'Cruise control', 'Dvd', 'Eco start\\u002Fstop', 'Esp', 'Hill assist', 'Immobilizer', 'Isofix -παιδικά καθίσματα', 'Keyless', 'Lane assist', 'Navigation - gps', 'Parktronic', 'Tcs - asr', 'Turbo', 'Tv\\u002Fcamera', 'Usb', 'Αισθητήρας βροχής', 'Ατρακάριστο', 'Βιβλίο service', 'Δερμάτινα καθίσματα', 'Εγγύηση', 'Εισαγωγής', 'Επέκταση εγγύησης', 'Ζάντες αλουμινίου', 'Ηλεκτρικά καθίσματα', 'Ηλεκτρικά παράθυρα', 'Ηλεκτρικοί καθρέφτες', 'Θερμαινόμενα καθίσματα', 'Κάμερα οπισθοπορείας', 'Κεντρικό κλείδωμα', 'Κλιματισμός αυτόματος', 'Κλιματισμός(a\\u002Fc)', 'Μη καπνιστή', 'Προβολείς ομίχλης', 'Ράδιοκασετ\\u002Fνο', 'Τηλέφωνο', 'Τιμόνι πολλών χρήσεων', 'Υδραυλικό τιμόνι', 'Υπολογιστής ταξιδιού', 'Φώτα led', 'Φώτα xenon', 'Φώτα που στρίβουν']",
Mercedes-Benz,CLK200,2004,Mercedes-Benz CLK 200 '04 ΕΛΛΗΝΙΚΟ 1o,Mercedes-BenzCLK200ΕΛΛΗΝΙΚΟ1oΧΕΡΙ!!!!'04,332920049,9.500€,,Μεταχειρισμένο,Κουπέ-Σπόρ,1/2004,140.000χλμ,Βενζίνη,1.800cc,163bhp,Χειροκίνητο,Γκρι(Μεταλλικό),Μπεζ,Δέρμα,12/2024,,Euro3,16ίντσες,280€,,Άγνωστο,1,10,2,4,,21ώρεςπριν,2451,www.car.gr/332920049,6988113308,"['Bluetooth', 'Cd player', 'Cruise control', 'Dvd', 'Immobilizer', 'Navigation - gps', 'Tv\\u002Fcamera', 'Ελληνικής αντιπροσωπείας', 'Ζάντες αλουμινίου', 'Ηλεκτρικά καθίσματα', 'Ηλεκτρικά παράθυρα', 'Κάμερα οπισθοπορείας', 'Κλιματισμός αυτόματος', 'Κλιματισμός(a\\u002Fc)', 'Μη καπνιστή', 'Οροφή πανοραμική', 'Προβολείς ομίχλης', 'Τιμόνι πολλών χρήσεων', 'Υδραυλικό τιμόνι', 'Υπολογιστής ταξιδιού', 'Φώτα που στρίβουν']",Πισωκίνητο(RWD)
Ford,Focus,2016,Ford Focus '16 TITANIUM 1.5 TDCI,FordFocusTITANIUM1.5TDCI120HP'16,325918206,13.900€,,Μεταχειρισμένο,Κόμπακτ/Hatchback,1/2016,90.000χλμ,Πετρέλαιο,1.500cc,120bhp,Χειροκίνητο,Μπλεσκούρο(Μεταλλικό),Μαύρο,Ύφασμα,,,Euro6,17ίντσες,,,Άγνωστο,1,6,5,5,,21ώρεςπριν,4910,www.car.gr/325918206,6988113308,"['Abs', 'Android auto', 'Bluetooth', 'Bucket καθίσματα', 'Cruise control', 'Eco start\\u002Fstop', 'Hill assist', 'Immobilizer', 'Isofix -παιδικά καθίσματα', 'Keyless', 'Navigation - gps', 'Parktronic', 'Turbo', 'Usb', 'Εισαγωγής', 'Ζάντες αλουμινίου', 'Ηλεκτρικά παράθυρα', 'Ηλεκτρικοί καθρέφτες', 'Κεντρικό κλείδωμα', 'Κλιματισμός αυτόματος', 'Κλιματισμός(a\\u002Fc)', 'Μη καπνιστή', 'Προβολείς ομίχλης', 'Ράδιοκασετ\\u002Fνο', 'Τηλέφωνο', 'Τιμόνι πολλών χρήσεων', 'Υδραυλικό τιμόνι', 'Υπολογιστής ταξιδιού', 'Φώτα που στρίβουν']",
Ford,Fiesta,2017,Ford Fiesta '17,FordFiestaVAN'17,332919704,7.950€,,Μεταχειρισμένο,Van/MiniBus,5/2017,118.000χλμ,Πετρέλαιο,1.500cc,75bhp,Χειροκίνητο,Ασπρο(Μεταλλικό),Μαύρο,Ύφασμα,4/2025,,Euro6,15ίντσες,105€,,Άγνωστο,1,4,2,2,,21ώρεςπριν,1110,www.car.gr/332919704,6988113308,"['Abs', 'Bluetooth', 'Cruise control', 'Hill assist', 'Immobilizer', 'Turbo', 'Usb', 'Ηλεκτρικά παράθυρα', 'Ηλεκτρικοί καθρέφτες', 'Κλιματισμός(a\\u002Fc)', 'Μη καπνιστή', 'Προβολείς ομίχλης', 'Ράδιοκασετ\\u002Fνο', 'Τηλέφωνο', 'Τιμόνι πολλών χρήσεων', 'Υδραυλικό τιμόνι', 'Υπολογιστής ταξιδιού']",
Mercedes-Benz,CLS350,2008,Mercedes-Benz CLS 350 '08 CLS Coupé 350 CGI Grand Edition,Mercedes-BenzCLS350CLSCoupé350CGIGrandEdition7G-TRONIC'08,327783163,20.000€Ξένανούμερα,,Μεταχειρισμένο,Λιμουζίνα/Sedan,8/2008,80.480χλμ,Βενζίνη,3.498cc,292bhp,Αυτόματο,Άλλο(Μεταλλικό),Μπεζ,Δέρμα,,,,,,,Ζυγό,,8,4,5,,2ώρεςπριν,4299,www.car.gr/327783163,"6949310404,6949310404","['{Taxfree -ξένα νούμερα', '{Abs', '{Adaptive cruise control (acc)', '{Android auto', '{Apple carplay', '{Bluetooth', '{Bucket καθίσματα', '{Cd player', '{Cruise control', '{Dvd', '{Eco start\\u002Fstop', '{Esp', '{Hill assist', '{Immobilizer', '{Isofix -παιδικά καθίσματα', '{Navigation - gps', '{Parktronic', '{Tcs - asr', '{Turbo', '{Tv\\u002Fcamera', '{Usb', '{Αερανάρτηση', '{Αισθητήρας βροχής', '{Ανταλλαγή με car δεκτή', '{Ατρακάριστο', '{Βιβλίο service', '{Γραμμάτια δεκτά', '{Δερμάτινα καθίσματα', '{Εγγύηση', '{Ελληνικής αντιπροσωπείας', '{Επιταγές δεκτές', '{Ζάντες αλουμινίου', '{Ηλεκτρικά καθίσματα', '{Ηλεκτρικά παράθυρα', '{Ηλεκτρικοί καθρέφτες', '{Θερμαινόμενα καθίσματα', '{Κεντρικό κλείδωμα', '{Κλιματισμός αυτόματος', '{Μη καπνιστή', '{Μπλοκέ διαφορικό', '{Οθόνη tft', '{Οροφή ηλεκτρική \\u002F ηλίου', '{Προβολείς ομίχλης', '{Συναγερμός', '{Τηλέφωνο', '{Τιμόνι πολλών χρήσεων', '{Υδραυλικό τιμόνι', '{Υπολογιστής ταξιδιού', '{Φώτα xenon', '{Φώτα που στρίβουν']",AWD
Fiat,Bravo,2009,Fiat Bravo '09  1.6 JTD Multijet,FiatBravo1.6JTDMultijet16V'09,324781293,6.550€,,Μεταχειρισμένο,Κόμπακτ/Hatchback,6/2009,220.000χλμ,Πετρέλαιο,1.600cc,120bhp,Χειροκίνητο,Γκρι(Μεταλλικό),Μαύρο,Ύφασμα,5/2024,129g/km,Euro5,16ίντσες,280€,,Μονό,,6,5,5,,21ώρεςπριν,2736,www.car.gr/324781293,6988113308,"['Abs', 'Bucket καθίσματα', 'Cd player', 'Esp', 'Hill assist', 'Isofix -παιδικά καθίσματα', 'Turbo', 'Usb', 'Ανταλλαγή με car δεκτή', 'Ατρακάριστο', 'Βιβλίο service', 'Εισαγωγής', 'Ζάντες αλουμινίου', 'Ηλεκτρικά παράθυρα', 'Ηλεκτρικοί καθρέφτες', 'Κεντρικό κλείδωμα', 'Κλιματισμός(a\\u002Fc)', 'Μη καπνιστή', 'Προβολείς ομίχλης', 'Ράδιοκασετ\\u002Fνο', 'Τιμόνι πολλών χρήσεων', 'Υδραυλικό τιμόνι', 'Φώτα που στρίβουν']",
LandRover,RangeRoverEvoque,2017,Land Rover Range Rover Evoque '17 DYNAMIC EDITION PANORAMIC 180HP,LandRoverRangeRoverEvoqueDYNAMICEDITIONPANORAMIC180HPAUTO!!!!'17,331680483,45.000€,,Μεταχειρισμένο,4χ4/Τζιπ/Suv,1/2017,130.000χλμ,Πετρέλαιο,2.000cc,180bhp,Αυτόματο,Μαύρο(Μεταλλικό),Μαύρο,Δέρμα,1/2025,,Euro6,20ίντσες,,"8,50(Μικτό)λ/100χλμ",Άγνωστο,1,10,4,5,,21ώρεςπριν,5956,www.car.gr/331680483,6988113308,"['Abs', 'Android auto', 'Apple carplay', 'Bluetooth', 'Bucket καθίσματα', 'Cd player', 'Cruise control', 'Dvd', 'Eco start\\u002Fstop', 'Esp', 'Head-up display', 'Hill assist', 'Immobilizer', 'Isofix -παιδικά καθίσματα', 'Keyless', 'Lane assist', 'Navigation - gps', 'Parktronic', 'Tcs - asr', 'Turbo', 'Tv\\u002Fcamera', 'Usb', 'Αερανάρτηση', 'Αισθητήρας βροχής', 'Απόσυρσης-δικαίωμα', 'Ατρακάριστο', 'Βιβλίο service', 'Δερμάτινα καθίσματα', 'Εγγύηση', 'Εισαγωγής', 'Ζάντες αλουμινίου', 'Ηλεκτρικά καθίσματα', 'Ηλεκτρικά παράθυρα', 'Ηλεκτρικοί καθρέφτες', 'Θερμαινόμενα καθίσματα', 'Θωρακισμένο', 'Κάμερα οπισθοπορείας', 'Κλιματισμός αυτόματος', 'Κλιματισμός(a\\u002Fc)', 'Κοτσαδόρος', 'Μη καπνιστή', 'Μπλοκέ διαφορικό', 'Οθόνη tft', 'Οροφή ηλεκτρική \\u002F ηλίου', 'Οροφή πανοραμική', 'Προβολείς ομίχλης', 'Ράδιοκασετ\\u002Fνο', 'Συναγερμός', 'Τηλέφωνο', 'Τιμόνι πολλών χρήσεων', 'Υδραυλικό τιμόνι', 'Υπολογιστής ταξιδιού', 'Φώτα led', 'Φώτα xenon', 'Φώτα που στρίβουν']",4x4(4WD)
Fiat,Doblo,2016,Fiat Doblo '16  Cargo Van 1.3 Multijet,FiatDobloCargoVan1.3MultijetSX'16,322891318,9.800€,,Μεταχειρισμένο,Van/MiniBus,1/2016,125.000χλμ,Πετρέλαιο,1.300cc,90bhp,Χειροκίνητο,Ασπρο(Μεταλλικό),Μαύρο,Ύφασμα,5/2024,133g/km,Euro5,15ίντσες,105€,,Άγνωστο,,4,4,2,,21ώρεςπριν,1495,www.car.gr/322891318,6988113308,[],
Volkswagen,Passat,2014,Volkswagen Passat '14 DERMA KAPITONE TURBO,VolkswagenPassatDERMAKAPITONETURBODIESEL'14,334268975,11.980€,,Μεταχειρισμένο,Λιμουζίνα/Sedan,12/2014,140χλμ,Πετρέλαιο,1.600cc,105bhp,Χειροκίνητο,Γκρι,Ασπρο,,,,,17ίντσες,,,Άγνωστο,1,10,5,5,,2ώρεςπριν,1478,www.car.gr/334268975,"2102446576,6906001617","['Abs', 'Bucket καθίσματα', 'Cd player', 'Eco start\\u002Fstop', 'Esp', 'Immobilizer', 'Isofix -παιδικά καθίσματα', 'Parktronic', 'Tcs - asr', 'Turbo', 'Usb', 'Αισθητήρας βροχής', 'Ανταλλαγή με car δεκτή', 'Ατρακάριστο', 'Βιβλίο service', 'Δερμάτινα καθίσματα', 'Ελληνικής αντιπροσωπείας', 'Ηλεκτρικά παράθυρα', 'Ηλεκτρικοί καθρέφτες', 'Κεντρικό κλείδωμα', 'Κλιματισμός αυτόματος', 'Κλιματισμός(a\\u002Fc)', 'Προβολείς ομίχλης', 'Υδραυλικό τιμόνι', 'Υπολογιστής ταξιδιού']",
Ford,TransitConnect,2019,Ford Transit Connect '19 MAKΡΥ (L2) 101HP,FordTransitConnectMAKΡΥ(L2)101HP6TAXYTO'19,326443114,18.500€,,Μεταχειρισμένο,Van/MiniBus,9/2019,159.000χλμ,Πετρέλαιο,1.500cc,101bhp,Χειροκίνητο,Ασπρο(Μεταλλικό),Μαύρο,Ύφασμα,9/2024,,Euro6,16ίντσες,,,Άγνωστο,1,4,2,3,,21ώρεςπριν,1948,www.car.gr/326443114,6988113308,"['Abs', 'Bluetooth', 'Cd player', 'Cruise control', 'Eco start\\u002Fstop', 'Hill assist', 'Immobilizer', 'Parktronic', 'Turbo', 'Usb', 'Ατρακάριστο', 'Εγγύηση', 'Εισαγωγής', 'Ηλεκτρικά παράθυρα', 'Ηλεκτρικοί καθρέφτες', 'Κεντρικό κλείδωμα', 'Κλιματισμός αυτόματος', 'Κλιματισμός(a\\u002Fc)', 'Μη καπνιστή', 'Προβολείς ομίχλης', 'Ράδιοκασετ\\u002Fνο', 'Συρόμενη πόρτα δεξιά', 'Τηλέφωνο', 'Τιμόνι πολλών χρήσεων', 'Υδραυλικό τιμόνι', 'Υπολογιστής ταξιδιού', 'Φώτα που στρίβουν']",Προσθιοκίνητο(FWD)
Ford,Ranger,2017,Ford Ranger '17 WILDTRAK 3.2cc,FordRangerWILDTRAK3.2cc200HP_MΠΛΟΚΕ_ΔΙΑΦΟΡΙΚΟ'17,324805759,34.900€,,Μεταχειρισμένο,4χ4/Τζιπ/Suv,7/2017,107.000χλμ,Πετρέλαιο,3.200cc,200bhp,Αυτόματο,Μαύρο(Μεταλλικό),Μαύρο,Δέρμα,7/2024,,Euro6,18ίντσες,105€,,Άγνωστο,1,8,4,5,,21ώρεςπριν,4164,www.car.gr/324805759,6988113308,"['Abs', 'Android auto', 'Apple carplay', 'Bluetooth', 'Cd player', 'Cruise control', 'Eco start\\u002Fstop', 'Esp', 'Hardtop', 'Hill assist', 'Immobilizer', 'Isofix -παιδικά καθίσματα', 'Lane assist', 'Navigation - gps', 'Parktronic', 'Tcs - asr', 'Turbo', 'Tv\\u002Fcamera', 'Usb', 'Αισθητήρας βροχής', 'Ανταλλαγή με car δεκτή', 'Ατρακάριστο', 'Βιβλίο service', 'Δερμάτινα καθίσματα', 'Εγγύηση', 'Εισαγωγής', 'Ζάντες αλουμινίου', 'Ηλεκτρικά καθίσματα', 'Ηλεκτρικά παράθυρα', 'Ηλεκτρικοί καθρέφτες', 'Θερμαινόμενα καθίσματα', 'Κάμερα οπισθοπορείας', 'Κεντρικό κλείδωμα', 'Κλιματισμός αυτόματος', 'Κοτσαδόρος', 'Μη καπνιστή', 'Μπλοκέ διαφορικό', 'Οθόνη tft', 'Προβολείς ομίχλης', 'Ράγες οροφής', 'Ράδιοκασετ\\u002Fνο', 'Συναγερμός', 'Σύστημα μη σύγκρουσης', 'Τηλέφωνο', 'Τιμόνι πολλών χρήσεων', 'Υδραυλικό τιμόνι', 'Υπολογιστής ταξιδιού', 'Φώτα led', 'Φώτα που στρίβουν']",4x4(4WD)
Ford,Raptor,2020,Ford Raptor,FordRaptor'20,319763751,53.000€,,Μεταχειρισμένο,4χ4/Τζιπ/Suv,1/2020,85.000χλμ,Πετρέλαιο,2.000cc,212bhp,Αυτόματο,Μπλεσκούρο,Μαύρο,Δέρμα,2/2024,,Euro6,17ίντσες,105€,,Άγνωστο,1,8,5,5,,21ώρεςπριν,17092,www.car.gr/319763751,6988113308,"['Abs', 'Adaptive cruise control (acc)', 'Android auto', 'Apple carplay', 'Bluetooth', 'Bucket καθίσματα', 'Cd player', 'Cruise control', 'Dvd', 'Eco start\\u002Fstop', 'Esp', 'Hardtop', 'Hill assist', 'Immobilizer', 'Isofix -παιδικά καθίσματα', 'Keyless', 'Lane assist', 'Navigation - gps', 'Parktronic', 'Tcs - asr', 'Turbo', 'Tv\\u002Fcamera', 'Usb', 'Αγροτικό', 'Αερανάρτηση', 'Αισθητήρας βροχής', 'Ατρακάριστο', 'Βιβλίο service', 'Δερμάτινα καθίσματα', 'Εγγύηση', 'Εισαγωγής', 'Ζάντες αλουμινίου', 'Ηλεκτρικά καθίσματα', 'Ηλεκτρικά παράθυρα', 'Ηλεκτρικοί καθρέφτες', 'Θερμαινόμενα καθίσματα', 'Κάμερα οπισθοπορείας', 'Κεντρικό κλείδωμα', 'Κλιματισμός αυτόματος', 'Κλιματισμός(a\\u002Fc)', 'Κοτσαδόρος', 'Μη καπνιστή', 'Μπλοκέ διαφορικό', 'Οθόνη tft', 'Προβολείς ομίχλης', 'Ράδιοκασετ\\u002Fνο', 'Συναγερμός', 'Σύστημα μη σύγκρουσης', 'Τηλέφωνο', 'Τιμόνι πολλών χρήσεων', 'Υδραυλικό τιμόνι', 'Υπολογιστής ταξιδιού', 'Φώτα led', 'Φώτα που στρίβουν']",4x4(4WD)
Ford,Ranger,2019,Ford Ranger '19 X-BLUE EDITION,FordRangerX-BLUEEDITION@ΜΟΝΑΔΙΚΟ@'19,330037841,41.900€,,Μεταχειρισμένο,Αγροτικό/Pickup,1/2019,140.000χλμ,Πετρέλαιο,3.200cc,200bhp,Αυτόματο,Μπλέ(Μεταλλικό),Μαύρο,Δέρμα,1/2025,,Euro6c,18ίντσες,105€,,Άγνωστο,1,10,4,5,,21ώρεςπριν,3944,www.car.gr/330037841,6988113308,"['{Abs', '{Adaptive cruise control (acc)', '{Android auto', '{Apple carplay', '{Bluetooth', '{Bucket καθίσματα', '{Cd player', '{Cruise control', '{Dvd', '{Eco start\\u002Fstop', '{Esp', '{Hardtop', '{Hill assist', '{Immobilizer', '{Isofix -παιδικά καθίσματα', '{Lane assist', '{Navigation - gps', '{Parktronic', '{Tcs - asr', '{Turbo', '{Tv\\u002Fcamera', '{Ατρακάριστο', '{Βιβλίο service', '{Δερμάτινα καθίσματα', '{Εισαγωγής', '{Ζάντες αλουμινίου', '{Ηλεκτρικά καθίσματα', '{Ηλεκτρικά παράθυρα', '{Ηλεκτρικοί καθρέφτες', '{Θερμαινόμενα καθίσματα', '{Κάμερα οπισθοπορείας', '{Κεντρικό κλείδωμα', '{Κλιματισμός(a\\u002Fc)', '{Κοτσαδόρος', '{Μη καπνιστή', '{Μπλοκέ διαφορικό', '{Προβολείς ομίχλης', '{Ράγες οροφής', '{Συναγερμός', '{Σύστημα μη σύγκρουσης', '{Υπολογιστής ταξιδιού', '{Φώτα led', '{Φώτα που στρίβουν']",
Ford,Raptor,2021,Ford Raptor,FordRaptor'21,333757682,48.900€,,Μεταχειρισμένο,4χ4/Τζιπ/Suv,11/2021,30.000χλμ,Πετρέλαιο,2.000cc,212bhp,Αυτόματο,Μαύρο(Μεταλλικό),Μαύρο,Δέρμα,3/2025,,Euro6d-temp,17ίντσες,105€,,Άγνωστο,1,10,4,5,,21ώρεςπριν,1905,www.car.gr/333757682,6988113308,"['Abs', 'Adaptive cruise control (acc)', 'Android auto', 'Apple carplay', 'Bluetooth', 'Bucket καθίσματα', 'Cd player', 'Cruise control', 'Dvd', 'Eco start\\u002Fstop', 'Esp', 'Hardtop', 'Hill assist', 'Immobilizer', 'Isofix -παιδικά καθίσματα', 'Keyless', 'Lane assist', 'Navigation - gps', 'Parktronic', 'Tcs - asr', 'Turbo', 'Tv\\u002Fcamera', 'Usb', 'Αερανάρτηση', 'Αισθητήρας βροχής', 'Δερμάτινα καθίσματα', 'Εγγύηση', 'Εισαγωγής', 'Ζάντες αλουμινίου', 'Ηλεκτρικά καθίσματα', 'Ηλεκτρικά παράθυρα', 'Ηλεκτρικοί καθρέφτες', 'Θερμαινόμενα καθίσματα', 'Κάμερα οπισθοπορείας', 'Κεντρικό κλείδωμα', 'Κλιματισμός αυτόματος', 'Κλιματισμός(a\\u002Fc)', 'Κοτσαδόρος', 'Μη καπνιστή', 'Μπλοκέ διαφορικό', 'Προβολείς ομίχλης', 'Ράγες οροφής', 'Ράδιοκασετ\\u002Fνο', 'Συναγερμός', 'Σύστημα μη σύγκρουσης', 'Τηλέφωνο', 'Τιμόνι πολλών χρήσεων', 'Υδραυλικό τιμόνι', 'Υπολογιστής ταξιδιού', 'Φώτα led', 'Φώτα xenon', 'Φώτα που στρίβουν']",4x4(4WD)
Ford,Ranger,2019,Ford Ranger '19 PREADATOR,FordRangerPREADATOR'19,332900933,33.900€,,Μεταχειρισμένο,Αγροτικό/Pickup,1/2019,118.000χλμ,Πετρέλαιο,3.200cc,200bhp,Αυτόματο,Μαύρο(Μεταλλικό),Μαύρο,Δέρμα,4/2025,,Euro6c,18ίντσες,105€,,Άγνωστο,,8,5,5,,21ώρεςπριν,3817,www.car.gr/332900933,6988113308,"['Abs', 'Adaptive cruise control (acc)', 'Android auto', 'Apple carplay', 'Bluetooth', 'Cd player', 'Cruise control', 'Esp', 'Hardtop', 'Hill assist', 'Immobilizer', 'Isofix -παιδικά καθίσματα', 'Lane assist', 'Navigation - gps', 'Parktronic', 'Tcs - asr', 'Turbo', 'Tv\\u002Fcamera', 'Usb', 'Αγροτικό', 'Αισθητήρας βροχής', 'Βιβλίο service', 'Δερμάτινα καθίσματα', 'Εγγύηση', 'Εισαγωγής', 'Ζάντες αλουμινίου', 'Ηλεκτρικά καθίσματα', 'Ηλεκτρικά παράθυρα', 'Ηλεκτρικοί καθρέφτες', 'Κάμερα οπισθοπορείας', 'Κεντρικό κλείδωμα', 'Κλιματισμός αυτόματος', 'Κλιματισμός(a\\u002Fc)', 'Κοτσαδόρος', 'Μη καπνιστή', 'Μπλοκέ διαφορικό', 'Προβολείς ομίχλης', 'Ράγες οροφής', 'Σύστημα μη σύγκρουσης', 'Τηλέφωνο', 'Τιμόνι πολλών χρήσεων', 'Υδραυλικό τιμόνι', 'Υπολογιστής ταξιδιού', 'Φώτα led', 'Φώτα που στρίβουν']",4x4(4WD)
Ford,Fiesta,2017,Ford Fiesta '17 VAN,FordFiestaVANTITANIUM'17,331591011,9.800€,,Μεταχειρισμένο,Van/MiniBus,4/2017,150.000χλμ,Πετρέλαιο,1.500cc,75bhp,Χειροκίνητο,Ασπρο(Μεταλλικό),Μαύρο,Βελούδο,3/2025,94g/km,Euro6,15ίντσες,105€,5(Εντός)/5(Εκτός)/5(Μικτό)λ/100χλμ,Άγνωστο,,4,2,2,,21ώρεςπριν,686,www.car.gr/331591011,6988113308,"['{Abs', '{Bluetooth', '{Cd player', '{Esp', '{Hill assist', '{Immobilizer', '{Turbo', '{Usb', '{Ατρακάριστο', '{Ηλεκτρικά παράθυρα', '{Ηλεκτρικοί καθρέφτες', '{Κεντρικό κλείδωμα', '{Κλιματισμός(a\\u002Fc)', '{Προβολείς ομίχλης', '{Τηλέφωνο', '{Υδραυλικό τιμόνι', '{Υπολογιστής ταξιδιού']",
,,,,,,,,,,,,,,,,,,,,,,,,,,,,,,,,,,,,
Ford,Fiesta,2016,Ford Fiesta '16 BLACK,FordFiestaBLACKEDITION'16,330615187,11.900€,,Μεταχειρισμένο,Κόμπακτ/Hatchback,1/2016,130.000χλμ,Πετρέλαιο,1.500cc,95bhp,Χειροκίνητο,Μαύρο(Μεταλλικό),Μαύρο,Ύφασμα,1/2024,94g/km,Euro6,16ίντσες,89€,5(Μικτό)λ/100χλμ,Χωρίς,1,6,3,4,,21ώρεςπριν,985,www.car.gr/330615187,6988113308,"['Abs', 'Bluetooth', 'Bucket καθίσματα', 'Esp', 'Hill assist', 'Immobilizer', 'Navigation - gps', 'Parktronic', 'Tcs - asr', 'Turbo', 'Tv\\u002Fcamera', 'Usb', 'Αισθητήρας βροχής', 'Ατρακάριστο', 'Εγγύηση', 'Εισαγωγής', 'Ζάντες αλουμινίου', 'Ηλεκτρικά παράθυρα', 'Ηλεκτρικοί καθρέφτες', 'Κάμερα οπισθοπορείας', 'Κλιματισμός αυτόματος', 'Κλιματισμός(a\\u002Fc)', 'Μη καπνιστή', 'Προβολείς ομίχλης', 'Ράδιοκασετ\\u002Fνο', 'Τηλέφωνο', 'Τιμόνι πολλών χρήσεων', 'Υδραυλικό τιμόνι', 'Υπολογιστής ταξιδιού', 'Φώτα led', 'Φώτα xenon']",
Ford,Focus,2015,Ford Focus '15 ST 2.0 TDCi Start/Stopp,FordFocusST2.0TDCiStart/StoppLeder-Sport-Packet'15,333684527,15.900€,,Μεταχειρισμένο,Κόμπι/Kάραβαν,1/2015,80.000χλμ,Πετρέλαιο,2.000cc,185bhp,Χειροκίνητο,Κόκκινο(Μεταλλικό),Μαύρο,Δέρμα,1/2025,,Euro6,20ίντσες,,,Άγνωστο,1,10,5,5,,21ώρεςπριν,1565,www.car.gr/333684527,6988113308,"['Abs', 'Adaptive cruise control (acc)', 'Android auto', 'Bluetooth', 'Bucket καθίσματα', 'Cd player', 'Cruise control', 'Eco start\\u002Fstop', 'Esp', 'Hill assist', 'Immobilizer', 'Isofix -παιδικά καθίσματα', 'Keyless', 'Navigation - gps', 'Parktronic', 'Turbo', 'Usb', 'Αισθητήρας βροχής', 'Εισαγωγής', 'Ζάντες αλουμινίου', 'Ηλεκτρικά παράθυρα', 'Ηλεκτρικοί καθρέφτες', 'Κεντρικό κλείδωμα', 'Κλιματισμός αυτόματος', 'Κλιματισμός(a\\u002Fc)', 'Μη καπνιστή', 'Μπλοκέ διαφορικό', 'Προβολείς ομίχλης', 'Ράγες οροφής', 'Ράδιοκασετ\\u002Fνο', 'Τιμόνι πολλών χρήσεων', 'Υδραυλικό τιμόνι', 'Υπολογιστής ταξιδιού', 'Φώτα led', 'Φώτα xenon', 'Φώτα που στρίβουν']",
Volkswagen,Amarok,2017,Volkswagen Amarok '17 AVENTURA V6 !!!!!ΠΡΟΣΦΟΡΑ,VolkswagenAmarokAVENTURAV6!!!!!ΠΡΟΣΦΟΡΑ!!!!!'17,332955361,29.900€,,Μεταχειρισμένο,4χ4/Τζιπ/Suv,1/2017,140.000χλμ,Πετρέλαιο,3.000cc,225bhp,Αυτόματο,Γκρι(Μεταλλικό),Μαύρο,Δέρμα,4/2025,,Euro6,20ίντσες,105€,,Άγνωστο,1,10,4,5,,21ώρεςπριν,2266,www.car.gr/332955361,6988113308,"['Abs', 'Android auto', 'Apple carplay', 'Bluetooth', 'Bucket καθίσματα', 'Cd player', 'Cruise control', 'Eco start\\u002Fstop', 'Esp', 'Hardtop', 'Hill assist', 'Immobilizer', 'Isofix -παιδικά καθίσματα', 'Lane assist', 'Navigation - gps', 'Parktronic', 'Turbo', 'Tv\\u002Fcamera', 'Usb', 'Αγροτικό', 'Αισθητήρας βροχής', 'Ατρακάριστο', 'Βιβλίο service', 'Εισαγωγής', 'Ζάντες αλουμινίου', 'Ηλεκτρικά καθίσματα', 'Ηλεκτρικά παράθυρα', 'Ηλεκτρικοί καθρέφτες', 'Θερμαινόμενα καθίσματα', 'Κάμερα οπισθοπορείας', 'Κεντρικό κλείδωμα', 'Κλιματισμός αυτόματος', 'Κλιματισμός(a\\u002Fc)', 'Κοτσαδόρος', 'Μη καπνιστή', 'Μπλοκέ διαφορικό', 'Προβολείς ομίχλης', 'Ράδιοκασετ\\u002Fνο', 'Τιμόνι πολλών χρήσεων', 'Υδραυλικό τιμόνι', 'Υπολογιστής ταξιδιού', 'Φώτα led', 'Φώτα xenon', 'Φώτα που στρίβουν']",4x4(4WD)
Ford,Fiesta,2016,Ford Fiesta '16  1.5 TDCi,FordFiesta1.5TDCiVAN'16,322889451,9.900€,,Μεταχειρισμένο,Van/MiniBus,5/2016,105.000χλμ,Πετρέλαιο,1.500cc,75bhp,Χειροκίνητο,Ασπρο,Μαύρο,Ύφασμα,5/2024,94g/km,Euro6,15ίντσες,105€,,Άγνωστο,1,4,2,2,,21ώρεςπριν,1951,www.car.gr/322889451,6988113308,[],
Hyundai,Accent,2003,Hyundai Accent,HyundaiAccent'03,333744398,3.400€,,Μεταχειρισμένο,Κόμπακτ/Hatchback,1/2003,210.000χλμ,Βενζίνη,1.300cc,90bhp,Χειροκίνητο,Μπεζ,Μαύρο,Δέρμα,5/2025,,Euro3,15ίντσες,,,Ζυγό,,,4,4,,21ώρεςπριν,399,www.car.gr/333744398,6988113308,[],
Ford,TransitConnect,2018,Ford Transit Connect '18 CAMERA-ΟΘΟΝΗ-FULL,FordTransitConnectCAMERA-ΟΘΟΝΗ-FULLEXTRA'18,333676076,14.900€,,Μεταχειρισμένο,Van/MiniBus,1/2018,150.000χλμ,Πετρέλαιο,1.500cc,101bhp,Χειροκίνητο,Άλλο(Μεταλλικό),Μαύρο,Ύφασμα,5/2025,,Euro6,17ίντσες,105€,,Άγνωστο,1,6,2,2,,21ώρεςπριν,256,www.car.gr/333676076,6988113308,"['Abs', 'Android auto', 'Bluetooth', 'Cd player', 'Cruise control', 'Esp', 'Hill assist', 'Immobilizer', 'Navigation - gps', 'Parktronic', 'Tcs - asr', 'Turbo', 'Usb', 'Εισαγωγής', 'Ζάντες αλουμινίου', 'Ηλεκτρικά παράθυρα', 'Ηλεκτρικοί καθρέφτες', 'Κάμερα οπισθοπορείας', 'Κλιματισμός(a\\u002Fc)', 'Κοτσαδόρος', 'Μη καπνιστή', 'Ράδιοκασετ\\u002Fνο', 'Συρόμενη πόρτα δεξιά', 'Τηλέφωνο', 'Τιμόνι πολλών χρήσεων', 'Υδραυλικό τιμόνι', 'Υπολογιστής ταξιδιού', 'Φώτα led']",
Renault,Twingo,2018,Renault Twingo '18 1000cc,RenaultTwingo1000cc70ps'18,334495498,10.990€,"193,37€/μήνα",Μεταχειρισμένο,Κόμπακτ/Hatchback,6/2018,81.000χλμ,Βενζίνη,1.000cc,70bhp,Χειροκίνητο,Μαύρο(Μεταλλικό),Γκρι,Ύφασμα,6/2024,,,15ίντσες,,,Μονό,1,4,5,5,,3ώρεςπριν,33,www.car.gr/334495498,"2160002189,2109428157","['Abs', 'Bluetooth', 'Cd player', 'Esp', 'Hill assist', 'Immobilizer', 'Isofix -παιδικά καθίσματα', 'Ανταλλαγή με car δεκτή', 'Βιβλίο service', 'Ελληνικής αντιπροσωπείας', 'Ζάντες αλουμινίου', 'Ηλεκτρικά παράθυρα', 'Ηλεκτρικοί καθρέφτες', 'Κεντρικό κλείδωμα', 'Κλιματισμός αυτόματος', 'Πιστωτική κάρτα δεκτή', 'Προβολείς ομίχλης', 'Υδραυλικό τιμόνι', 'Υπολογιστής ταξιδιού']",Προσθιοκίνητο(FWD)
Nissan,PickUp,1997,Nissan PickUp '97 D22 ME,NissanPickUpD22MEA/C'97,332244783,9.800€,,Μεταχειρισμένο,Αγροτικό/Pickup,1/1997,280.000χλμ,Πετρέλαιο,2.400cc,90bhp,Χειροκίνητο,Κόκκινο,Μαύρο,Ύφασμα,1/2025,,Euro3,16ίντσες,105€,,Μονό,1,2,2,2,,21ώρεςπριν,3020,www.car.gr/332244783,6988113308,[],4x4(4WD)
Ford,Ranger,2017,Ford Ranger '17 WILDTRAK,FordRangerWILDTRAKΧΕΙΡΟΚΙΝΗΤΟ'17,330238590,29.900€,,Μεταχειρισμένο,Αγροτικό/Pickup,1/2017,120.000χλμ,Πετρέλαιο,3.200cc,200bhp,Χειροκίνητο,Πορτοκαλί(Μεταλλικό),Μαύρο,Δέρμα,1/2025,,Euro6c,18ίντσες,105€,11(Μικτό)λ/100χλμ,Άγνωστο,1,10,4,5,,21ώρεςπριν,3470,www.car.gr/330238590,6988113308,"['Abs', 'Android auto', 'Apple carplay', 'Bluetooth', 'Bucket καθίσματα', 'Cd player', 'Cruise control', 'Eco start\\u002Fstop', 'Hardtop', 'Hill assist', 'Immobilizer', 'Isofix -παιδικά καθίσματα', 'Navigation - gps', 'Parktronic', 'Tcs - asr', 'Turbo', 'Tv\\u002Fcamera', 'Usb', 'Αγροτικό', 'Αισθητήρας βροχής', 'Ατρακάριστο', 'Βιβλίο service', 'Δερμάτινα καθίσματα', 'Εγγύηση', 'Εισαγωγής', 'Ζάντες αλουμινίου', 'Ηλεκτρικά καθίσματα', 'Ηλεκτρικά παράθυρα', 'Ηλεκτρικοί καθρέφτες', 'Θερμαινόμενα καθίσματα', 'Κάμερα οπισθοπορείας', 'Κεντρικό κλείδωμα', 'Κλιματισμός αυτόματος', 'Κλιματισμός(a\\u002Fc)', 'Κοτσαδόρος', 'Μη καπνιστή', 'Μπλοκέ διαφορικό', 'Προβολείς ομίχλης', 'Συναγερμός', 'Τιμόνι πολλών χρήσεων', 'Υδραυλικό τιμόνι', 'Υπολογιστής ταξιδιού', 'Φώτα led']",4x4(4WD)
Nissan,Navara,2015,Nissan Navara '15 V6 231HP 3000cc,NissanNavaraV6231HP3000ccAUTOMATIC'15,327312248,25.900€,,Μεταχειρισμένο,4χ4/Τζιπ/Suv,1/2015,150.000χλμ,Πετρέλαιο,3.000cc,231bhp,Αυτόματο,Μαύρο(Μεταλλικό),Μαύρο,Δέρμα,10/2024,,Euro5,18ίντσες,105€,,Άγνωστο,1,8,4,5,,21ώρεςπριν,5972,www.car.gr/327312248,6988113308,"['Abs', 'Android auto', 'Apple carplay', 'Bluetooth', 'Bucket καθίσματα', 'Cd player', 'Cruise control', 'Dvd', 'Esp', 'Head-up display', 'Hill assist', 'Immobilizer', 'Isofix -παιδικά καθίσματα', 'Navigation - gps', 'Parktronic', 'Tcs - asr', 'Turbo', 'Tv\\u002Fcamera', 'Usb', 'Αγροτικό', 'Αερανάρτηση', 'Αισθητήρας βροχής', 'Ατρακάριστο', 'Βιβλίο service', 'Δερμάτινα καθίσματα', 'Εγγύηση', 'Εισαγωγής', 'Επέκταση εγγύησης', 'Ζάντες αλουμινίου', 'Ηλεκτρικά παράθυρα', 'Ηλεκτρικοί καθρέφτες', 'Θερμαινόμενα καθίσματα', 'Κάμερα οπισθοπορείας', 'Κεντρικό κλείδωμα', 'Κλιματισμός αυτόματος', 'Κλιματισμός(a\\u002Fc)', 'Κοτσαδόρος', 'Μη καπνιστή', 'Μπλοκέ διαφορικό', 'Οθόνη tft', 'Οροφή ηλεκτρική \\u002F ηλίου', 'Οροφή πανοραμική', 'Προβολείς ομίχλης', 'Ράγες οροφής', 'Ράδιοκασετ\\u002Fνο', 'Τηλέφωνο', 'Τιμόνι πολλών χρήσεων', 'Υδραυλικό τιμόνι', 'Υπολογιστής ταξιδιού']",
Ford,Ranger,2016,Ford Ranger '16 !!!ΠΡΟΣΦΟΡΑ!!! WILDTRAK 3.2CC,FordRanger!!!ΠΡΟΣΦΟΡΑ!!!WILDTRAK3.2CC200HP'16,325583184,29.900€,,Μεταχειρισμένο,Αγροτικό/Pickup,5/2016,120.000χλμ,Πετρέλαιο,3.200cc,200bhp,Αυτόματο,Πορτοκαλί(Μεταλλικό),Μαύρο,Ύφασμα,8/2024,,Euro6,17ίντσες,105€,,Άγνωστο,1,6,2,5,,21ώρεςπριν,7041,www.car.gr/325583184,6988113308,"['Abs', 'Bluetooth', 'Bucket καθίσματα', 'Cd player', 'Cruise control', 'Eco start\\u002Fstop', 'Hardtop', 'Hill assist', 'Immobilizer', 'Isofix -παιδικά καθίσματα', 'Navigation - gps', 'Parktronic', 'Tcs - asr', 'Turbo', 'Tv\\u002Fcamera', 'Usb', 'Αγροτικό', 'Αισθητήρας βροχής', 'Ατρακάριστο', 'Εισαγωγής', 'Ζάντες αλουμινίου', 'Ηλεκτρικά καθίσματα', 'Ηλεκτρικά παράθυρα', 'Ηλεκτρικοί καθρέφτες', 'Θερμαινόμενα καθίσματα', 'Κάμερα οπισθοπορείας', 'Κεντρικό κλείδωμα', 'Κλιματισμός αυτόματος', 'Κλιματισμός(a\\u002Fc)', 'Κοτσαδόρος', 'Μη καπνιστή', 'Προβολείς ομίχλης', 'Ράγες οροφής', 'Ράδιοκασετ\\u002Fνο', 'Συναγερμός', 'Τηλέφωνο', 'Τιμόνι πολλών χρήσεων', 'Υδραυλικό τιμόνι', 'Υπολογιστής ταξιδιού', 'Φώτα led', 'Φώτα που στρίβουν']",
