brand,model,year,title,Μάρκα-μοντέλο,Νούμεροαγγελίας,Τιμή,Κατάσταση,Κατηγορία,Χρονολογία,Χιλιόμετρα,Καύσιμο,Κυβικά,Ίπποι,Σασμάν,Χρώμα,Χρώμαεσωτερικού,Επένδυσησαλονιού,Πινακίδα,Σύνολοκατόχων,Αερόσακοι,Πόρτες,Καθίσματα,Τελευταίααλλαγή,Εμφανίσειςαγγελίας,Σύνδεσμος,Τηλέφωνο,extras,Μέγεθοςζάντας,Κίνηση,Κτέομέχρι,Ρύποι(co2),Κλάσηρύπων,Τέληκυκλοφορίας,Κατανάλωση,Αυτονομίαμπαταρίας,Χρόνοςφόρτισηςμπαταρίας,Χρόνοςγρήγορηςφόρτισηςμπαταρίας,Τιμήπολύτεκνου,Χρηματοδότηση,Παράδοσηστοσπίτι
,,,,,,,,,,,,,,,,,,,,,,,,,,,,,,,,,,,,,,,,
Citroen,C3,2017,Citroen C3 '17  BlueHDi 75 S/S  Feel,CitroenC3BlueHDi75S/SFeelΕΛΛΗΝΙΚΟ'17,331894731,11.500€,Μεταχειρισμένο,Κόμπακτ/Hatchback,6/2017,98.380χλμ,Πετρέλαιο,1.560cc,75bhp,Χειροκίνητο,Ασπρο,Μαύρο,Ύφασμα,Μονό,1,6,5,5,4ώρεςπριν,612,www.car.gr/331894731,"2821073452,6980861969","['Abs', 'Bluetooth', 'Bucket καθίσματα', 'Cd player', 'Cruise control', 'Eco start\\u002Fstop', 'Esp', 'Hill assist', 'Immobilizer', 'Isofix -παιδικά καθίσματα', 'Lane assist', 'Turbo', 'Usb', 'Ανταλλαγή με car δεκτή', 'Απόσυρσης-δικαίωμα', 'Ατρακάριστο', 'Βιβλίο service', 'Εγγύηση', 'Ελληνικής αντιπροσωπείας', 'Ηλεκτρικά παράθυρα', 'Ηλεκτρικοί καθρέφτες', 'Κεντρικό κλείδωμα', 'Κλιματισμός(a\\u002Fc)', 'Τηλέφωνο', 'Υδραυλικό τιμόνι', 'Υπολογιστής ταξιδιού', 'Φώτα led']",,,,,,,,,,,,,
Opel,Astra,2015,Opel Astra '15 NAVI,OpelAstraNAVIΕΛΛΗΝΙΚΟ'15,328142893,10.990€,Μεταχειρισμένο,Κόμπακτ/Hatchback,5/2015,93.533χλμ,Πετρέλαιο,1.248cc,90bhp,Χειροκίνητο,Μαύρο(Μεταλλικό),Μαύρο,Ύφασμα,Ζυγό,,6,5,5,2ώρεςπριν,2430,www.car.gr/328142893,"2821073452,6980861969","['{Abs', '{Bluetooth', '{Bucket καθίσματα', '{Cruise control', '{Eco start\\u002Fstop', '{Esp', '{Immobilizer', '{Isofix -παιδικά καθίσματα', '{Navigation - gps', '{Turbo', '{Usb', '{Αισθητήρας βροχής', '{Ανταλλαγή με car δεκτή', '{Απόσυρσης-δικαίωμα', '{Ατρακάριστο', '{Εγγύηση', '{Ελληνικής αντιπροσωπείας', '{Ζάντες αλουμινίου', '{Ηλεκτρικά παράθυρα', '{Ηλεκτρικοί καθρέφτες', '{Κεντρικό κλείδωμα', '{Κλιματισμός(a\\u002Fc)', '{Μη καπνιστή', '{Προβολείς ομίχλης', '{Τηλέφωνο', '{Τιμόνι πολλών χρήσεων', '{Υδραυλικό τιμόνι', '{Υπολογιστής ταξιδιού']",15ίντσες,,,,,,,,,,,,
Peugeot,308,2008,Peugeot 308 '08,Peugeot308ΕΛΛΗΝΙΚΟ'08,327098704,4.990€,Μεταχειρισμένο,Κόμπακτ/Hatchback,3/2008,127.634χλμ,Βενζίνη,1.397cc,95bhp,Χειροκίνητο,Ασπρο,Μαύρο,Ύφασμα,Μονό,,,5,5,2ώρεςπριν,5238,www.car.gr/327098704,"2821073452,6980861969","['Abs', 'Bluetooth', 'Bucket καθίσματα', 'Cd player', 'Immobilizer', 'Απόσυρσης-δικαίωμα', 'Ατρακάριστο', 'Ελληνικής αντιπροσωπείας', 'Ηλεκτρικά παράθυρα', 'Ηλεκτρικοί καθρέφτες', 'Κεντρικό κλείδωμα', 'Κλιματισμός(a\\u002Fc)', 'Προβολείς ομίχλης', 'Υδραυλικό τιμόνι', 'Υπολογιστής ταξιδιού']",,,,,,,,,,,,,
Volkswagen,Polo,2015,Volkswagen Polo '15,VolkswagenPoloΕΛΛΗΝΙΚΟ'15,326755301,10.500€,Μεταχειρισμένο,Κόμπακτ/Hatchback,12/2015,124.081χλμ,Πετρέλαιο,1.422cc,90bhp,Χειροκίνητο,Μπλέ,Μαύρο,Ύφασμα,Ζυγό,,4,5,5,2ώρεςπριν,1556,www.car.gr/326755301,"2821073452,6980861969","['{Abs', '{Bluetooth', '{Bucket καθίσματα', '{Cd player', '{Immobilizer', '{Isofix -παιδικά καθίσματα', '{Turbo', '{Ανταλλαγή με car δεκτή', '{Απόσυρσης-δικαίωμα', '{Ατρακάριστο', '{Εγγύηση', '{Ελληνικής αντιπροσωπείας', '{Ηλεκτρικά παράθυρα', '{Ηλεκτρικοί καθρέφτες', '{Κεντρικό κλείδωμα', '{Κλιματισμός(a\\u002Fc)', '{Οθόνη tft', '{Υπολογιστής ταξιδιού']",,,,,,,,,,,,,
Fiat,Panda,2016,Fiat Panda '16  1.3 Multijet  Start&Stop Lounge,FiatPanda1.3MultijetStart&StopLoungeΕΛΛΗΝΙΚΟ'16,332747760,9.300€,Μεταχειρισμένο,Κόμπακτ/Hatchback,4/2016,153.191χλμ,Πετρέλαιο,1.248cc,95bhp,Χειροκίνητο,Ασπρο,Δίχρωμο,Ύφασμα,Ζυγό,1,4,5,5,2ώρεςπριν,435,www.car.gr/332747760,"2821073452,6980861969","['{Abs', '{Bucket καθίσματα', '{Cd player', '{Eco start\\u002Fstop', '{Esp', '{Hill assist', '{Immobilizer', '{Isofix -παιδικά καθίσματα', '{Turbo', '{Απόσυρσης-δικαίωμα', '{Ατρακάριστο', '{Αυτόματο παρκάρισμα', '{Βιβλίο service', '{Εγγύηση', '{Ελληνικής αντιπροσωπείας', '{Ηλεκτρικά παράθυρα', '{Κεντρικό κλείδωμα', '{Κλιματισμός(a\\u002Fc)', '{Ράγες οροφής', '{Υδραυλικό τιμόνι', '{Υπολογιστής ταξιδιού']",,,,,,,,,,,,,
Nissan,Qashqai,2018,Nissan Qashqai '18  1.5 dCi Acenta,NissanQashqai1.5dCiAcentaΕΛΛΗΝΙΚΟ'18,331894445,18.500€,Μεταχειρισμένο,4χ4/Τζιπ/Suv,4/2018,174.400χλμ,Πετρέλαιο,1.500cc,110bhp,Χειροκίνητο,Ασπρο(Μεταλλικό),Μαύρο,Ύφασμα,Μονό,1,8,5,5,2ώρεςπριν,1108,www.car.gr/331894445,"2821073452,6980861969","['Abs', 'Bluetooth', 'Bucket καθίσματα', 'Cd player', 'Cruise control', 'Eco start\\u002Fstop', 'Esp', 'Hill assist', 'Immobilizer', 'Isofix -παιδικά καθίσματα', 'Turbo', 'Usb', 'Αισθητήρας βροχής', 'Ανταλλαγή με car δεκτή', 'Απόσυρσης-δικαίωμα', 'Ατρακάριστο', 'Βιβλίο service', 'Εγγύηση', 'Ελληνικής αντιπροσωπείας', 'Ηλεκτρικά παράθυρα', 'Ηλεκτρικοί καθρέφτες', 'Κεντρικό κλείδωμα', 'Κλιματισμός(a\\u002Fc)', 'Προβολείς ομίχλης', 'Τηλέφωνο', 'Τιμόνι πολλών χρήσεων', 'Υδραυλικό τιμόνι', 'Υπολογιστής ταξιδιού', 'Φώτα led']",17ίντσες,Προσθιοκίνητο(FWD),,,,,,,,,,,
Mercedes-Benz,A150,2006,Mercedes-Benz A 150 '06,Mercedes-BenzA150ΑΥΤΟΜΑΤΟ'06,332712203,6.500€,Μεταχειρισμένο,Κόμπακτ/Hatchback,11/2006,121.319χλμ,Βενζίνη,1.500cc,95bhp,Αυτόματο,Μαύρο(Μεταλλικό),Μαύρο,Ύφασμα,Μονό,,6,5,5,4ώρεςπριν,1733,www.car.gr/332712203,"2821073452,6980861969","['Abs', 'Cd player', 'Immobilizer', 'Isofix -παιδικά καθίσματα', 'Ανταλλαγή με car δεκτή', 'Απόσυρσης-δικαίωμα', 'Ατρακάριστο', 'Εισαγωγής', 'Ηλεκτρικά παράθυρα', 'Ηλεκτρικοί καθρέφτες', 'Κλιματισμός(a\\u002Fc)', 'Τηλέφωνο', 'Τιμόνι πολλών χρήσεων', 'Υδραυλικό τιμόνι', 'Υπολογιστής ταξιδιού']",,Προσθιοκίνητο(FWD),,,,,,,,,,,
Toyota,Yaris,2018,Toyota Yaris '18 D4D LIVE,ToyotaYarisD4DLIVEΕΛΛΗΝΙΚΟ'18,333321031,12.900€,Μεταχειρισμένο,Κόμπακτ/Hatchback,2/2018,105.600χλμ,Πετρέλαιο,1.400cc,90bhp,Χειροκίνητο,Ασπρο(Μεταλλικό),Μαύρο,Ύφασμα,Μονό,1,8,5,5,4ώρεςπριν,579,www.car.gr/333321031,"2821073452,6980861969","['Abs', 'Bluetooth', 'Bucket καθίσματα', 'Cruise control', 'Eco start\\u002Fstop', 'Esp', 'Hill assist', 'Immobilizer', 'Isofix -παιδικά καθίσματα', 'Turbo', 'Usb', 'Ανταλλαγή με car δεκτή', 'Απόσυρσης-δικαίωμα', 'Ατρακάριστο', 'Βιβλίο service', 'Εγγύηση', 'Ελληνικής αντιπροσωπείας', 'Ηλεκτρικά παράθυρα', 'Ηλεκτρικοί καθρέφτες', 'Κεντρικό κλείδωμα', 'Κλιματισμός(a\\u002Fc)', 'Οθόνη tft', 'Τηλέφωνο', 'Τιμόνι πολλών χρήσεων', 'Υδραυλικό τιμόνι', 'Υπολογιστής ταξιδιού']",,Προσθιοκίνητο(FWD),,,,,,,,,,,
Saab,9-5,2003,Saab 9-5 '03,Saab9-5AERO'03,319496155,2.990€,Μεταχειρισμένο,Λιμουζίνα/Sedan,8/2003,200.000χλμ,Βενζίνη,1.985cc,150bhp,Χειροκίνητο,Μαύρο(Μεταλλικό),Μπεζ,Δέρμα,Μονό,1,4,4,5,2ώρεςπριν,5106,www.car.gr/319496155,"2821073452,6980861969","['Abs', 'Esp', 'Immobilizer', 'Turbo', 'Ατρακάριστο', 'Βιβλίο service', 'Ελληνικής αντιπροσωπείας', 'Ζάντες αλουμινίου', 'Ηλεκτρικά καθίσματα', 'Ηλεκτρικά παράθυρα', 'Ηλεκτρικοί καθρέφτες', 'Κεντρικό κλείδωμα', 'Κλιματισμός αυτόματος', 'Κλιματισμός(a\\u002Fc)', 'Προβολείς ομίχλης', 'Τιμόνι πολλών χρήσεων', 'Υδραυλικό τιμόνι', 'Υπολογιστής ταξιδιού']",16ίντσες,Προσθιοκίνητο(FWD),,,,,,,,,,,
Skoda,Fabia,2017,Skoda Fabia '17  1.4 TDI AMBITION,SkodaFabia1.4TDIAMBITIONΕΛΛΗΝΙΚΟ'17,331894030,10.800€,Μεταχειρισμένο,Κόμπακτ/Hatchback,1/2017,123.200χλμ,Πετρέλαιο,1.422cc,90bhp,Χειροκίνητο,Κόκκινοσκούρο(Μεταλλικό),Δίχρωμο,Ύφασμα,Ζυγό,1,6,5,5,4ώρεςπριν,537,www.car.gr/331894030,"2821073452,6980861969","['Abs', 'Bluetooth', 'Bucket καθίσματα', 'Cd player', 'Eco start\\u002Fstop', 'Esp', 'Immobilizer', 'Isofix -παιδικά καθίσματα', 'Turbo', 'Usb', 'Ανταλλαγή με car δεκτή', 'Απόσυρσης-δικαίωμα', 'Ατρακάριστο', 'Βιβλίο service', 'Εγγύηση', 'Ελληνικής αντιπροσωπείας', 'Ηλεκτρικά παράθυρα', 'Ηλεκτρικοί καθρέφτες', 'Κεντρικό κλείδωμα', 'Κλιματισμός(a\\u002Fc)', 'Προβολείς ομίχλης', 'Τηλέφωνο', 'Υδραυλικό τιμόνι', 'Υπολογιστής ταξιδιού', 'Φώτα led']",,,,,,,,,,,,,
,,,,,,,,,,,,,,,,,,,,,,,,,,,,,,,,,,,,,,,,
Renault,Clio,2018,Renault Clio '18 AUTHENTIC,RenaultClioAUTHENTICΕΛΛΗΝΙΚΟ'18,331997339,11.500€,Μεταχειρισμένο,Κόμπακτ/Hatchback,2/2018,116.320χλμ,Πετρέλαιο,1.500cc,75bhp,Χειροκίνητο,Γκρι(Μεταλλικό),Μαύρο,Ύφασμα,Μονό,1,6,5,5,2ώρεςπριν,608,www.car.gr/331997339,"2821073452,6980861969","['Abs', 'Bluetooth', 'Bucket καθίσματα', 'Cd player', 'Cruise control', 'Eco start\\u002Fstop', 'Hill assist', 'Immobilizer', 'Isofix -παιδικά καθίσματα', 'Turbo', 'Usb', 'Ανταλλαγή με car δεκτή', 'Απόσυρσης-δικαίωμα', 'Ατρακάριστο', 'Βιβλίο service', 'Εγγύηση', 'Ελληνικής αντιπροσωπείας', 'Ηλεκτρικά παράθυρα', 'Ηλεκτρικοί καθρέφτες', 'Κεντρικό κλείδωμα', 'Κλιματισμός(a\\u002Fc)', 'Τηλέφωνο', 'Τιμόνι πολλών χρήσεων', 'Υδραυλικό τιμόνι', 'Υπολογιστής ταξιδιού', 'Φώτα led']",,Προσθιοκίνητο(FWD),,,,,,,,,,,
Mercedes-Benz,A160,2016,Mercedes-Benz A 160 '16  d Urban,Mercedes-BenzA160dUrbanΕΛΛΗΝΙΚΟ'16,331893870,17.500€,Μεταχειρισμένο,Κόμπακτ/Hatchback,12/2016,104.900χλμ,Πετρέλαιο,1.461cc,90bhp,Χειροκίνητο,Ασπρο(Μεταλλικό),Μαύρο,Ύφασμα,Ζυγό,1,8,5,5,2ώρεςπριν,1811,www.car.gr/331893870,"2821073452,6980861969","['Abs', 'Bluetooth', 'Bucket καθίσματα', 'Cruise control', 'Eco start\\u002Fstop', 'Esp', 'Hill assist', 'Immobilizer', 'Isofix -παιδικά καθίσματα', 'Turbo', 'Usb', 'Αισθητήρας βροχής', 'Ανταλλαγή με car δεκτή', 'Απόσυρσης-δικαίωμα', 'Ατρακάριστο', 'Βιβλίο service', 'Εγγύηση', 'Ελληνικής αντιπροσωπείας', 'Ζάντες αλουμινίου', 'Ηλεκτρικά παράθυρα', 'Ηλεκτρικοί καθρέφτες', 'Κεντρικό κλείδωμα', 'Κλιματισμός(a\\u002Fc)', 'Τηλέφωνο', 'Τιμόνι πολλών χρήσεων', 'Υδραυλικό τιμόνι', 'Υπολογιστής ταξιδιού']",16ίντσες,,,,,,,,,,,,
Peugeot,Bipper,2018,Peugeot Bipper '18 1.3 BlueHDI 80 ΕΛΛΗΝΙΚΟ ME,PeugeotBipper1.3BlueHDI80ΕΛΛΗΝΙΚΟMEΦ.Π.Α'18,333321187,10.990€,Μεταχειρισμένο,ΕπαγγελματικόEπιβατικό,3/2018,152.900χλμ,Πετρέλαιο,1.300cc,80bhp,Χειροκίνητο,Ασπρο,Μαύρο,Ύφασμα,Ζυγό,1,4,4,2,2ώρεςπριν,212,www.car.gr/333321187,"2821073452,6980861969","['{Abs', '{Bluetooth', '{Bucket καθίσματα', '{Cd player', '{Immobilizer', '{Turbo', '{Usb', '{Ατρακάριστο', '{Βιβλίο service', '{Εγγύηση', '{Ελληνικής αντιπροσωπείας', '{Ηλεκτρικά παράθυρα', '{Ηλεκτρικοί καθρέφτες', '{Κεντρικό κλείδωμα', '{Κλιματισμός(a\\u002Fc)', '{Υδραυλικό τιμόνι', '{Υπολογιστής ταξιδιού']",,Προσθιοκίνητο(FWD),,,,,,,,,,,
Peugeot,208,2018,Peugeot 208 '18  1.6 BlueHDi 100 BUSINESS S&S,Peugeot2081.6BlueHDi100BUSINESSS&SΕΛΛHΝIΚΟ'18,333320978,10.900€,Μεταχειρισμένο,Κόμπακτ/Hatchback,5/2018,137.900χλμ,Πετρέλαιο,1.600cc,100bhp,Χειροκίνητο,Ασημί(Μεταλλικό),Μαύρο,Ύφασμα,Μονό,1,8,5,5,2ώρεςπριν,474,www.car.gr/333320978,"2821073452,6980861969","['Abs', 'Bluetooth', 'Bucket καθίσματα', 'Cd player', 'Cruise control', 'Eco start\\u002Fstop', 'Esp', 'Immobilizer', 'Isofix -παιδικά καθίσματα', 'Turbo', 'Usb', 'Ανταλλαγή με car δεκτή', 'Απόσυρσης-δικαίωμα', 'Ατρακάριστο', 'Βιβλίο service', 'Εγγύηση', 'Ελληνικής αντιπροσωπείας', 'Ηλεκτρικά παράθυρα', 'Κεντρικό κλείδωμα', 'Κλιματισμός(a\\u002Fc)', 'Οθόνη tft', 'Προβολείς ομίχλης', 'Τηλέφωνο', 'Τιμόνι πολλών χρήσεων', 'Υδραυλικό τιμόνι', 'Υπολογιστής ταξιδιού', 'Φώτα led']",,,,,,,,,,,,,
Toyota,Auris,2018,Toyota Auris '18 D4D LIVE,ToyotaAurisD4DLIVEΕΛΛΗΝΙΚΟ'18,331894191,14.990€,Μεταχειρισμένο,Κόμπακτ/Hatchback,12/2018,112.700χλμ,Πετρέλαιο,1.400cc,90bhp,Χειροκίνητο,Ασπρο,Μαύρο,Ύφασμα,Μονό,1,10,5,5,2ώρεςπριν,831,www.car.gr/331894191,"2821073452,6980861969","['Abs', 'Bluetooth', 'Bucket καθίσματα', 'Cd player', 'Cruise control', 'Eco start\\u002Fstop', 'Esp', 'Hill assist', 'Immobilizer', 'Isofix -παιδικά καθίσματα', 'Turbo', 'Usb', 'Απόσυρσης-δικαίωμα', 'Ατρακάριστο', 'Βιβλίο service', 'Εγγύηση', 'Ελληνικής αντιπροσωπείας', 'Ηλεκτρικά παράθυρα', 'Ηλεκτρικοί καθρέφτες', 'Κεντρικό κλείδωμα', 'Κλιματισμός(a\\u002Fc)', 'Τηλέφωνο', 'Τιμόνι πολλών χρήσεων', 'Υδραυλικό τιμόνι', 'Υπολογιστής ταξιδιού']",,Προσθιοκίνητο(FWD),,,,,,,,,,,
Opel,Astra,2016,Opel Astra '16 ENJOI HUNGARY 125hp,OpelAstraENJOIHUNGARY125hpΕΛΛΗΝΙΚΟ'16,331996897,12.500€,Μεταχειρισμένο,Κόμπακτ/Hatchback,7/2016,105.150χλμ,Βενζίνη,1.400cc,125bhp,Χειροκίνητο,Ασημί(Μεταλλικό),Μαύρο,Ύφασμα,Μονό,1,8,5,5,2ώρεςπριν,814,www.car.gr/331996897,"2821073452,6980861969","['Abs', 'Bluetooth', 'Bucket καθίσματα', 'Cd player', 'Cruise control', 'Esp', 'Hill assist', 'Immobilizer', 'Isofix -παιδικά καθίσματα', 'Turbo', 'Usb', 'Αισθητήρας βροχής', 'Απόσυρσης-δικαίωμα', 'Ατρακάριστο', 'Βιβλίο service', 'Εγγύηση', 'Ελληνικής αντιπροσωπείας', 'Ηλεκτρικά παράθυρα', 'Κεντρικό κλείδωμα', 'Κλιματισμός αυτόματος', 'Οθόνη tft', 'Τηλέφωνο', 'Τιμόνι πολλών χρήσεων', 'Υδραυλικό τιμόνι', 'Υπολογιστής ταξιδιού', 'Φώτα led']",,Προσθιοκίνητο(FWD),,,,,,,,,,,
Fiat,Panda,2017,Fiat Panda '17  1.3 Multijet 16V Start&Stopp,FiatPanda1.3Multijet16VStart&StoppLounge'17,331366642,9.800€,Μεταχειρισμένο,Κόμπακτ/Hatchback,1/2017,110.000χλμ,Πετρέλαιο,1.200cc,80bhp,Χειροκίνητο,Ασπρο,Δίχρωμο,Ύφασμα,Άγνωστο,1,6,5,5,1ημέραπριν,259,www.car.gr/331366642,"2421064540,2421095139,6977988533","['Abs', 'Bluetooth', 'Cd player', 'Eco start\\u002Fstop', 'Esp', 'Immobilizer', 'Isofix -παιδικά καθίσματα', 'Turbo', 'Usb', 'Αισθητήρας βροχής', 'Ανταλλαγή με car δεκτή', 'Ατρακάριστο', 'Βιβλίο service', 'Εγγύηση', 'Ελληνικής αντιπροσωπείας', 'Ηλεκτρικά παράθυρα', 'Ηλεκτρικοί καθρέφτες', 'Κεντρικό κλείδωμα', 'Κλιματισμός(a\\u002Fc)', 'Τιμόνι πολλών χρήσεων', 'Υδραυλικό τιμόνι']",15ίντσες,,3/2025,93g/km,Euro6,90€,"5(Εντός)/4(Εκτός)/4,50(Μικτό)λ/100χλμ",,,,,,
Hyundai,i30,2011,Hyundai i 30 '11 station,Hyundaii30stationvagon'11,315243362,7.500€,Μεταχειρισμένο,Κόμπι/Kάραβαν,12/2011,143.000χλμ,Βενζίνη,1.400cc,110bhp,Χειροκίνητο,Γκρι(Μεταλλικό),Γκρι,Ύφασμα,Άγνωστο,,8,5,5,14ώρεςπριν,12077,www.car.gr/315243362,"2105770012,6974498392","['Abs', 'Cd player', 'Esp', 'Immobilizer', 'Isofix -παιδικά καθίσματα', 'Tcs - asr', 'Αντ\\u002Fγή με σκάφος δεκτή', 'Ανταλλαγή με car δεκτή', 'Ανταλλαγή με μοτο', 'Απόσυρσης-δικαίωμα', 'Ατρακάριστο', 'Βιβλίο service', 'Ζάντες αλουμινίου', 'Ηλεκτρικά παράθυρα', 'Ηλεκτρικοί καθρέφτες', 'Κεντρικό κλείδωμα', 'Κλιματισμός(a\\u002Fc)', 'Μη καπνιστή', 'Προβολείς ομίχλης', 'Ράγες οροφής', 'Ράδιοκασετ\\u002Fνο', 'Υδραυλικό τιμόνι', 'Υπολογιστής ταξιδιού']",,Προσθιοκίνητο(FWD),,,,,,,,,,,
Opel,Corsa,2011,Opel Corsa '11,OpelCorsaECOTEC'11,34071619,6.700€,Μεταχειρισμένο,Κόμπακτ/Hatchback,5/2011,119.536χλμ,Βενζίνη,1.299cc,90bhp,Χειροκίνητο,Ασημί,Μαύρο,Ύφασμα,Άγνωστο,,6,5,5,14ώρεςπριν,17941,www.car.gr/34071619,"2105770012,6974498392","['Abs', 'Bucket καθίσματα', 'Cd player', 'Esp', 'Immobilizer', 'Isofix -παιδικά καθίσματα', 'Αντ\\u002Fγή με σκάφος δεκτή', 'Ανταλλαγή με car δεκτή', 'Ανταλλαγή με μοτο', 'Ατρακάριστο', 'Ηλεκτρικά παράθυρα', 'Ηλεκτρικοί καθρέφτες', 'Κεντρικό κλείδωμα', 'Κλιματισμός(a\\u002Fc)', 'Τιμόνι πολλών χρήσεων', 'Υδραυλικό τιμόνι', 'Υπολογιστής ταξιδιού']",14ίντσες,Προσθιοκίνητο(FWD),,,,,,,,,,,
Mitsubishi,Colt,2009,Mitsubishi Colt,MitsubishiColt'09,34072004,5.900€,Μεταχειρισμένο,Κόμπακτ/Hatchback,9/2009,110.800χλμ,Βενζίνη,1.124cc,88bhp,Χειροκίνητο,Μαύρο,Μαύρο,Ύφασμα,Άγνωστο,,6,5,5,14ώρεςπριν,20779,www.car.gr/34072004,"2105770012,6974498392","['Abs', 'Cd player', 'Esp', 'Immobilizer', 'Isofix -παιδικά καθίσματα', 'Ανταλλαγή με car δεκτή', 'Ανταλλαγή με μοτο', 'Ατρακάριστο', 'Ηλεκτρικά παράθυρα', 'Ηλεκτρικοί καθρέφτες', 'Κεντρικό κλείδωμα', 'Κλιματισμός(a\\u002Fc)', 'Μη καπνιστή', 'Προβολείς ομίχλης', 'Υδραυλικό τιμόνι', 'Υπολογιστής ταξιδιού']",15ίντσες,Προσθιοκίνητο(FWD),,,,,,,,,,,
Volkswagen,Lupo,2001,Volkswagen Lupo '01,VolkswagenLupo1.2'01,329698789,5.300€,Μεταχειρισμένο,Κουπέ-Σπόρ,10/2001,151.000χλμ,Πετρέλαιο,1.200cc,61bhp,Αυτόματο,Κόκκινο,Μαύρο,Ύφασμα,Μονό,2,4,3,4,3ημέρεςπριν,1681,www.car.gr/329698789,6932382471,"['Abs', 'Bucket καθίσματα', 'Cd player', 'Esp', 'Immobilizer', 'Turbo', 'Ατρακάριστο', 'Βιβλίο service', 'Ηλεκτρικά παράθυρα', 'Κλιματισμός(a\\u002Fc)', 'Μη καπνιστή', 'Υδραυλικό τιμόνι', 'Υπολογιστής ταξιδιού']",15ίντσες,,9/2023,,,135€,"3,90(Εκτός)/λ/100χλμ",,,,,,
Bmw,520,2000,Bmw 520 '00 DIESEL οροφη,Bmw520DIESELοροφη'00,12519636,2.950€,Μεταχειρισμένο,Λιμουζίνα/Sedan,1/2000,210.000χλμ,Πετρέλαιο,2.000cc,160bhp,Χειροκίνητο,Μαύρο(Μεταλλικό),Γκρι,Ύφασμα,Άγνωστο,,6,4,5,14ώρεςπριν,38962,www.car.gr/12519636,"2105770012,6974498392","['Abs', 'Bucket καθίσματα', 'Cd player', 'Cruise control', 'Esp', 'Immobilizer', 'Αντ\\u002Fγή με σκάφος δεκτή', 'Ανταλλαγή με car δεκτή', 'Ανταλλαγή με μοτο', 'Ζάντες αλουμινίου', 'Ηλεκτρικά παράθυρα', 'Ηλεκτρικοί καθρέφτες', 'Κεντρικό κλείδωμα', 'Κλιματισμός(a\\u002Fc)', 'Οροφή ηλεκτρική \\u002F ηλίου', 'Υδραυλικό τιμόνι', 'Υπολογιστής ταξιδιού']",18ίντσες,Πισωκίνητο(RWD),,,,,,,,,,,
Bmw,318,2001,Bmw 318 '01,Bmw318compact'01,327847123,2.700€,Μεταχειρισμένο,Κουπέ-Σπόρ,12/2001,239.000χλμ,Βενζίνη,1.796cc,143bhp,Χειροκίνητο,Χρυσαφί(Μεταλλικό),Γκρι,Ύφασμα,Ζυγό,,4,3,5,14ώρεςπριν,4673,www.car.gr/327847123,"2105770012,6974498392","['Abs', 'Cd player', 'Esp', 'Immobilizer', 'Ανταλλαγή με car δεκτή', 'Ανταλλαγή με μοτο', 'Ελληνικής αντιπροσωπείας', 'Ζάντες αλουμινίου', 'Ηλεκτρικά παράθυρα', 'Ηλεκτρικοί καθρέφτες', 'Κεντρικό κλείδωμα', 'Υδραυλικό τιμόνι', 'Υπολογιστής ταξιδιού']",,,,,,,,,,,,,
Mercedes-Benz,A250,2022,Mercedes-Benz A 250 '22  AMG-Line 4MATIC,Mercedes-BenzA250AMG-Line4MATIC7G-DCT'22,333355541,44.900€,Μεταχειρισμένο,Αλλο,1/2022,29.000χλμ,Βενζίνη,1.991cc,225bhp,Αυτόματο,Μπλέ(Μεταλλικό),Μαύρο,Δέρμα,Άγνωστο,,10,5,4,1ώραπριν,190,www.car.gr/333355541,2109901560,"['Abs', 'Android auto', 'Apple carplay', 'Bluetooth', 'Bucket καθίσματα', 'Cd player', 'Cruise control', 'Eco start\\u002Fstop', 'Hill assist', 'Immobilizer', 'Isofix -παιδικά καθίσματα', 'Keyless', 'Lane assist', 'Navigation - gps', 'Parktronic', 'Turbo', 'Αισθητήρας βροχής', 'Ατρακάριστο', 'Αυτόματο παρκάρισμα', 'Βιβλίο service', 'Δερμάτινα καθίσματα', 'Εγγύηση', 'Ελληνικής αντιπροσωπείας', 'Ζάντες αλουμινίου', 'Ηλεκτρικά παράθυρα', 'Ηλεκτρικοί καθρέφτες', 'Κάμερα οπισθοπορείας', 'Κεντρικό κλείδωμα', 'Κλιματισμός αυτόματος', 'Κλιματισμός(a\\u002Fc)', 'Μη καπνιστή', 'Οροφή ηλεκτρική \\u002F ηλίου', 'Πιστωτική κάρτα δεκτή', 'Σύστημα μη σύγκρουσης', 'Τιμόνι πολλών χρήσεων', 'Υδραυλικό τιμόνι', 'Υπολογιστής ταξιδιού', 'Φώτα led', 'Φώτα xenon', 'Φώτα που στρίβουν']",18ίντσες,4x4(4WD),,170g/km,Euro6d-temp,230€,,70χλμ,5ώρες,1ώρες,,,
Citroen,C4Picasso,2009,Citroen C4 Picasso,CitroenC4Picasso'09,333705156,3.850€,Μεταχειρισμένο,Κόμπι/Kάραβαν,8/2009,111.000χλμ,Βενζίνη,1.600cc,125bhp,Χειροκίνητο,Μαύρο(Μεταλλικό),Γκρι,Ύφασμα,Ζυγό,,6,5,5,14ώρεςπριν,1510,www.car.gr/333705156,"2105770012,6974498392","['Abs', 'Cd player', 'Esp', 'Immobilizer', 'Isofix -παιδικά καθίσματα', 'Αντ\\u002Fγή με σκάφος δεκτή', 'Ανταλλαγή με car δεκτή', 'Ανταλλαγή με μοτο', 'Ατρακάριστο', 'Βιβλίο service', 'Ελληνικής αντιπροσωπείας', 'Ηλεκτρικά παράθυρα', 'Ηλεκτρικοί καθρέφτες', 'Κεντρικό κλείδωμα', 'Κλιματισμός(a\\u002Fc)', 'Υδραυλικό τιμόνι', 'Υπολογιστής ταξιδιού']",,,,,,,,,,,,,
Mercedes-Benz,CLK200,2005,Mercedes-Benz CLK 200 '05  Compressor Coupé Avantgarde,Mercedes-BenzCLK200CompressorCoupéAvantgardeAutomatic'05,326888328,9.300€,Μεταχειρισμένο,Κουπέ-Σπόρ,6/2005,241.000χλμ,Βενζίνη,1.800cc,163bhp,Αυτόματο,Ασημί(Μεταλλικό),Γκρι,Ύφασμα,Ζυγό,,6,2,5,14ώρεςπριν,4102,www.car.gr/326888328,"2105770012,6974498392","['Abs', 'Bluetooth', 'Bucket καθίσματα', 'Cd player', 'Cruise control', 'Dvd', 'Immobilizer', 'Parktronic', 'Tcs - asr', 'Ανταλλαγή με car δεκτή', 'Ανταλλαγή με μοτο', 'Ατρακάριστο', 'Βιβλίο service', 'Ζάντες αλουμινίου', 'Ηλεκτρικά παράθυρα', 'Ηλεκτρικοί καθρέφτες', 'Κεντρικό κλείδωμα', 'Κλιματισμός αυτόματος', 'Κλιματισμός(a\\u002Fc)', 'Οροφή ηλεκτρική \\u002F ηλίου', 'Προβολείς ομίχλης', 'Τιμόνι πολλών χρήσεων', 'Υδραυλικό τιμόνι', 'Υπολογιστής ταξιδιού', 'Φώτα xenon']",,,,,,,,,,,,,
Nissan,Qashqai,2009,Nissan Qashqai,NissanQashqai'09,332032380,9.490€,Μεταχειρισμένο,Κόμπακτ/Hatchback,3/2009,205.000χλμ,Βενζίνη,1.598cc,110bhp,Χειροκίνητο,Ασπρο(Μεταλλικό),Γκρι,Δέρμα-ύφασμα,Ζυγό,,6,5,5,14ώρεςπριν,723,www.car.gr/332032380,"2105770012,6974498392","['Abs', 'Bluetooth', 'Cd player', 'Cruise control', 'Esp', 'Immobilizer', 'Isofix -παιδικά καθίσματα', 'Ανταλλαγή με car δεκτή', 'Ανταλλαγή με μοτο', 'Ατρακάριστο', 'Βιβλίο service', 'Ελληνικής αντιπροσωπείας', 'Ηλεκτρικά παράθυρα', 'Ηλεκτρικοί καθρέφτες', 'Κεντρικό κλείδωμα', 'Κλιματισμός αυτόματος', 'Κλιματισμός(a\\u002Fc)', 'Κοτσαδόρος', 'Οροφή ηλεκτρική \\u002F ηλίου', 'Υδραυλικό τιμόνι', 'Υπολογιστής ταξιδιού']",17ίντσες,,,,,,,,,,,,
Fiat,Bravo,2012,Fiat Bravo,FiatBravo'12,316442162,8.100€,Μεταχειρισμένο,Κόμπακτ/Hatchback,3/2012,169.000χλμ,Πετρέλαιο,1.600cc,120bhp,Χειροκίνητο,Γκρι(Μεταλλικό),Γκρι,Ύφασμα,Άγνωστο,,7,5,5,14ώρεςπριν,5732,www.car.gr/316442162,"2105770012,6974498392","['Abs', 'Bucket καθίσματα', 'Cd player', 'Cruise control', 'Esp', 'Immobilizer', 'Isofix -παιδικά καθίσματα', 'Parktronic', 'Tcs - asr', 'Turbo', 'Αισθητήρας βροχής', 'Ανταλλαγή με car δεκτή', 'Ανταλλαγή με μοτο', 'Ατρακάριστο', 'Βιβλίο service', 'Εγγύηση', 'Ζάντες αλουμινίου', 'Ηλεκτρικά παράθυρα', 'Ηλεκτρικοί καθρέφτες', 'Κεντρικό κλείδωμα', 'Κλιματισμός αυτόματος', 'Προβολείς ομίχλης', 'Τιμόνι πολλών χρήσεων', 'Υδραυλικό τιμόνι', 'Υπολογιστής ταξιδιού', 'Φώτα led']",17ίντσες,Προσθιοκίνητο(FWD),,,,,,,,,,,
Mercedes-Benz,SLK200,2006,Mercedes-Benz SLK 200 '06,Mercedes-BenzSLK200Compressor'06,326277917,9.300€,Μεταχειρισμένο,Κάμπριο/Roadster,1/2006,243.000χλμ,Βενζίνη,1.796cc,163bhp,Χειροκίνητο,Μπλεσκούρο(Μεταλλικό),Μπεζ,Δέρμα,Ζυγό,,4,2,2,14ώρεςπριν,7092,www.car.gr/326277917,"2105770012,6974498392","['Abs', 'Bluetooth', 'Bucket καθίσματα', 'Cd player', 'Cruise control', 'Esp', 'Immobilizer', 'Navigation - gps', 'Parktronic', 'Tcs - asr', 'Tv\\u002Fcamera', 'Αντ\\u002Fγή με σκάφος δεκτή', 'Ανταλλαγή με car δεκτή', 'Ανταλλαγή με μοτο', 'Ατρακάριστο', 'Βιβλίο service', 'Δερμάτινα καθίσματα', 'Ζάντες αλουμινίου', 'Ηλεκτρικά παράθυρα', 'Ηλεκτρικοί καθρέφτες', 'Κάμερα οπισθοπορείας', 'Κεντρικό κλείδωμα', 'Κλιματισμός αυτόματος', 'Οροφή ηλεκτρική \\u002F ηλίου', 'Προβολείς ομίχλης', 'Ράδιοκασετ\\u002Fνο', 'Συναγερμός', 'Τηλέφωνο', 'Τιμόνι πολλών χρήσεων', 'Υδραυλικό τιμόνι', 'Υπολογιστής ταξιδιού']",18ίντσες,,,,,,,,,,,,
Peugeot,307,2004,Peugeot 307,Peugeot307'04,5129094,4.300€,Μεταχειρισμένο,Κάμπριο/Roadster,6/2004,97.000χλμ,Βενζίνη,1.998cc,190bhp,Χειροκίνητο,Μπορντό,,,Άγνωστο,,,2,4,14ώρεςπριν,35713,www.car.gr/5129094,"2105770012,6974498392","['Bucket καθίσματα', 'Cd player', 'Cruise control', 'Esp', 'Immobilizer', 'Parktronic', 'Ανταλλαγή με car δεκτή', 'Ανταλλαγή με μοτο', 'Ατρακάριστο', 'Βιβλίο service', 'Δερμάτινα καθίσματα', 'Εγγύηση', 'Ζάντες αλουμινίου', 'Ηλεκτρικά παράθυρα', 'Ηλεκτρικοί καθρέφτες', 'Θερμαινόμενα καθίσματα', 'Κεντρικό κλείδωμα', 'Κλιματισμός(a\\u002Fc)', 'Οροφή ηλεκτρική \\u002F ηλίου', 'Προβολείς ομίχλης', 'Υδραυλικό τιμόνι', 'Υπολογιστής ταξιδιού']",17ίντσες,,,,,,,,,,,,
Mercedes-Benz,A250,2022,Mercedes-Benz A 250 '22 4MATIC-AMG,Mercedes-BenzA2504MATIC-AMGPAKET'22,334060004,55.000€,Μεταχειρισμένο,Λιμουζίνα/Sedan,1/2022,35.000χλμ,Βενζίνη,1.991cc,225bhp,Αυτόματο,Μπλέ(Μεταλλικό),Μαύρο,Δέρμα,Άγνωστο,,10,4,4,1ημέραπριν,285,www.car.gr/334060004,2109901560,"['Abs', 'Android auto', 'Apple carplay', 'Bluetooth', 'Bucket καθίσματα', 'Cd player', 'Cruise control', 'Dvd', 'Eco start\\u002Fstop', 'Esp', 'Hill assist', 'Immobilizer', 'Isofix -παιδικά καθίσματα', 'Lane assist', 'Navigation - gps', 'Parktronic', 'Turbo', 'Usb', 'Αισθητήρας βροχής', 'Ατρακάριστο', 'Αυτόματο παρκάρισμα', 'Βιβλίο service', 'Δερμάτινα καθίσματα', 'Εγγύηση', 'Ζάντες αλουμινίου', 'Ηλεκτρικά καθίσματα', 'Ηλεκτρικά παράθυρα', 'Ηλεκτρικοί καθρέφτες', 'Θερμαινόμενα καθίσματα', 'Κάμερα οπισθοπορείας', 'Κεντρικό κλείδωμα', 'Κλιματισμός(a\\u002Fc)', 'Μη καπνιστή', 'Οθόνη tft', 'Οροφή πανοραμική', 'Πιστωτική κάρτα δεκτή', 'Προβολείς ομίχλης', 'Συναγερμός', 'Σύστημα μη σύγκρουσης', 'value:b', 'Τιμόνι πολλών χρήσεων', 'Υδραυλικό τιμόνι', 'Υπολογιστής ταξιδιού', 'Φώτα led', 'Φώτα xenon', 'Φώτα που στρίβουν']",19ίντσες,4x4(4WD),,170g/km,Euro6d-temp,250€,,,,,€44.900,,
,,,,,,,,,,,,,,,,,,,,,,,,,,,,,,,,,,,,,,,,
Mercedes-Benz,E220,2019,Mercedes-Benz E 220 '19  d,Mercedes-BenzE220d9G-TRONIC'19,333997889,54.500€,Μεταχειρισμένο,Λιμουζίνα/Sedan,3/2019,49.564χλμ,Πετρέλαιο,1.950cc,194bhp,Αυτόματο,Μαύρο(Μεταλλικό),Μαύρο,Δέρμα,Ζυγό,1,9,5,5,5ώρεςπριν,353,www.car.gr/333997889,6944124625,"['Abs', 'Android auto', 'Apple carplay', 'Bluetooth', 'Bucket καθίσματα', 'Cruise control', 'Eco start\\u002Fstop', 'Esp', 'Head-up display', 'Hill assist', 'Immobilizer', 'Isofix -παιδικά καθίσματα', 'Keyless', 'Lane assist', 'Navigation - gps', 'Parktronic', 'Tcs - asr', 'Turbo', 'Tv\\u002Fcamera', 'Usb', 'Αισθητήρας βροχής', 'Αντικλεπτικό gps', 'Αυτόματο παρκάρισμα', 'Βιβλίο service', 'Δερμάτινα καθίσματα', 'Ηλεκτρικά καθίσματα', 'Ηλεκτρικά παράθυρα', 'Ηλεκτρικοί καθρέφτες', 'Θερμαινόμενα καθίσματα', 'Κάμερα οπισθοπορείας', 'Κεντρικό κλείδωμα', 'Κλιματισμός αυτόματος', 'Οροφή πανοραμική', 'Σύστημα μη σύγκρουσης', 'Τηλέφωνο', 'Τιμόνι πολλών χρήσεων', 'Υδραυλικό τιμόνι', 'Υπολογιστής ταξιδιού', 'Φώτα led']",17ίντσες,Πισωκίνητο(RWD),5/2024,123g/km,Euro6d-temp,146€,"5,20(Εντός)/4(Εκτός)/4,50(Μικτό)λ/100χλμ",,,,,,
Chevrolet,Spark,2013,Chevrolet Spark,ChevroletSpark'13,328005829,6.500€,Μεταχειρισμένο,Κόμπακτ/Hatchback,8/2013,62.000χλμ,Βενζίνη,1.000cc,70bhp,Χειροκίνητο,Ασημί(Μεταλλικό),Γκρι,Ύφασμα,Άγνωστο,,10,5,5,14ώρεςπριν,3308,www.car.gr/328005829,"2105770012,6974498392","['Abs', 'Bucket καθίσματα', 'Cd player', 'Esp', 'Immobilizer', 'Isofix -παιδικά καθίσματα', 'Ανταλλαγή με car δεκτή', 'Ανταλλαγή με μοτο', 'Ατρακάριστο', 'Βιβλίο service', 'Εγγύηση', 'Ηλεκτρικά παράθυρα', 'Κλιματισμός(a\\u002Fc)', 'Προβολείς ομίχλης', 'Υδραυλικό τιμόνι', 'Υπολογιστής ταξιδιού']",,,,,,,,,,,,,
Bmw,320,2002,Bmw 320,Bmw320'02,326847654,11.200€,Μεταχειρισμένο,Κάμπριο/Roadster,2/2002,133.000χλμ,Βενζίνη,2.200cc,170bhp,Χειροκίνητο,Γαλάζιο(Μεταλλικό),Μαύρο,Δέρμα,Μονό,,4,2,5,15ώρεςπριν,3715,www.car.gr/326847654,"2105770012,6974498392","['Abs', 'Android auto', 'Bluetooth', 'Bucket καθίσματα', 'Cd player', 'Cruise control', 'Dvd', 'Esp', 'Immobilizer', 'Navigation - gps', 'Tv\\u002Fcamera', 'Ανταλλαγή με car δεκτή', 'Ανταλλαγή με μοτο', 'Αντικλεπτικό gps', 'Ατρακάριστο', 'Βιβλίο service', 'Δερμάτινα καθίσματα', 'Ζάντες αλουμινίου', 'Ηλεκτρικά καθίσματα', 'Ηλεκτρικά παράθυρα', 'Ηλεκτρικοί καθρέφτες', 'Θερμαινόμενα καθίσματα', 'Κάμερα οπισθοπορείας', 'Κεντρικό κλείδωμα', 'Κλιματισμός αυτόματος', 'Οθόνη tft', 'Προβολείς ομίχλης', 'Συναγερμός', 'Υδραυλικό τιμόνι', 'Υπολογιστής ταξιδιού', 'Φώτα xenon']",19ίντσες,Προσθιοκίνητο(FWD),9/2023,,,,,,,,,,
Chevrolet,Matiz,2005,Chevrolet Matiz '05,ChevroletMatizSE'05,326596205,3.900€,Μεταχειρισμένο,Κόμπακτ/Hatchback,12/2005,179.000χλμ,Βενζίνη,1.000cc,75bhp,Χειροκίνητο,Ασημί(Μεταλλικό),Γκρι,Ύφασμα,Ζυγό,,2,5,5,15ώρεςπριν,2319,www.car.gr/326596205,"2105770012,6974498392","['Abs', 'Bluetooth', 'Cd player', 'Dvd', 'Immobilizer', 'Ανταλλαγή με car δεκτή', 'Ανταλλαγή με μοτο', 'Ατρακάριστο', 'Βιβλίο service', 'Εγγύηση', 'Ηλεκτρικά παράθυρα', 'Κεντρικό κλείδωμα', 'Κλιματισμός(a\\u002Fc)', 'Οθόνη tft', 'Συναγερμός', 'Υδραυλικό τιμόνι', 'Υπολογιστής ταξιδιού']",,,,,,,,,,,,,
Audi,A3,2000,Audi A3 '00  1.8,AudiA31.8turbo'00,334428484,3.200€,Μεταχειρισμένο,Κουπέ-Σπόρ,2/2000,191.000χλμ,Βενζίνη,1.800cc,150bhp,Χειροκίνητο,Μπλεσκούρο,Γκρι,Ύφασμα,Μονό,,4,3,5,15ώρεςπριν,416,www.car.gr/334428484,"2105770012,6974498392","['Abs', 'Bucket καθίσματα', 'Cd player', 'Tcs - asr', 'Αντ\\u002Fγή με σκάφος δεκτή', 'Ανταλλαγή με car δεκτή', 'Ανταλλαγή με μοτο', 'Βιβλίο service', 'Ελληνικής αντιπροσωπείας', 'Ζάντες αλουμινίου', 'Ηλεκτρικά παράθυρα', 'Ηλεκτρικοί καθρέφτες', 'Κεντρικό κλείδωμα', 'Κλιματισμός αυτόματος', 'Προβολείς ομίχλης', 'Υδραυλικό τιμόνι', 'Υπολογιστής ταξιδιού']",17ίντσες,,,,,,,,,,,,
Ford,Fiesta,2017,Ford Fiesta '17  1.5 TDCi ECOnetic,FordFiesta1.5TDCiECOneticTrend'17,333253928,9.600€,Μεταχειρισμένο,Κόμπι/Kάραβαν,1/2017,133.200χλμ,Πετρέλαιο,1.465cc,95bhp,Χειροκίνητο,Κόκκινο(Μεταλλικό),Δίχρωμο,Ύφασμα,Άγνωστο,1,5,5,5,1ώραπριν,824,www.car.gr/333253928,"6972076594,2441055213,6972076594","['Abs', 'Android auto', 'Bluetooth', 'Bucket καθίσματα', 'Cruise control', 'Esp', 'Immobilizer', 'Isofix -παιδικά καθίσματα', 'Tcs - asr', 'Turbo', 'Usb', 'Ατρακάριστο', 'Βιβλίο service', 'Εισαγωγής', 'Ζάντες αλουμινίου', 'Ηλεκτρικά παράθυρα', 'Ηλεκτρικοί καθρέφτες', 'Κεντρικό κλείδωμα', 'Μη καπνιστή', 'Πιστωτική κάρτα δεκτή', 'Τιμόνι πολλών χρήσεων', 'Υδραυλικό τιμόνι', 'Υπολογιστής ταξιδιού']",15ίντσες,,2/2024,,Euro6c,,,,,,,,
Toyota,Corolla,2003,Toyota Corolla,ToyotaCorolla'03,334402905,4.600€,Μεταχειρισμένο,Λιμουζίνα/Sedan,1/2003,240.180χλμ,Βενζίνη,1.400cc,97bhp,Χειροκίνητο,Ασημί,Γκρι,Ύφασμα,Άγνωστο,,2,5,4,9ώρεςπριν,244,www.car.gr/334402905,6947805633,"['Abs', 'Bluetooth', 'Immobilizer', 'Usb', 'Βιβλίο service', 'Κεντρικό κλείδωμα', 'Κλιματισμός(a\\u002Fc)', 'Τηλέφωνο', 'Υδραυλικό τιμόνι', 'Φώτα xenon']",15ίντσες,Προσθιοκίνητο(FWD),1/2024,,,245€,,,,,,,
Citroen,C1,2018,Citroen C1 '18,CitroenC1Live'18,330793365,9.300€,Μεταχειρισμένο,Κόμπακτ/Hatchback,1/2018,112.000χλμ,Βενζίνη,998cc,69bhp,Χειροκίνητο,Ασπρο(Μεταλλικό),Δίχρωμο,Ύφασμα,Άγνωστο,1,4,5,5,1ώραπριν,782,www.car.gr/330793365,"6972076594,2441055213,6972076594","['Abs', 'Adaptive cruise control (acc)', 'Android auto', 'Apple carplay', 'Bluetooth', 'Bucket καθίσματα', 'Cd player', 'Cruise control', 'Eco start\\u002Fstop', 'Esp', 'Immobilizer', 'Isofix -παιδικά καθίσματα', 'Usb', 'Ατρακάριστο', 'Βιβλίο service', 'Εισαγωγής', 'Ηλεκτρικά παράθυρα', 'Ηλεκτρικοί καθρέφτες', 'Κεντρικό κλείδωμα', 'Κλιματισμός(a\\u002Fc)', 'Μη καπνιστή', 'Προβολείς ομίχλης', 'Υδραυλικό τιμόνι', 'Υπολογιστής ταξιδιού', 'Φώτα led']",,,12/2023,,Euro6c,,,,,,,,
Mitsubishi,L200,2001,Mitsubishi L200,MitsubishiL200'01,334226029,8.900€,Μεταχειρισμένο,Αγροτικό/Pickup,10/2001,177.000χλμ,Πετρέλαιο,2.400cc,82bhp,Χειροκίνητο,Πράσινοσκούρο(Μεταλλικό),Γκρι,,Μονό,1,0,2,2,1ημέραπριν,646,www.car.gr/334226029,6979773772,[],,Πισωκίνητο(RWD),1/2024,,,105€,"5(Εντός)/4(Εκτός)/4,50(Μικτό)λ/100χλμ",,,,,,
Mazda,121,1991,Mazda 121,Mazda121'91,334508348,600€,Μεταχειρισμένο,Αλλο,1/1991,281.525χλμ,Βενζίνη,1.350cc,90bhp,Χειροκίνητο,Κόκκινο,Μαύρο,,Άγνωστο,1,,5,5,3ημέρεςπριν,115,www.car.gr/334508348,6974077268,[],,,12/2022,,,0€,,,,,,,
Mitsubishi,SpaceStar,2016,"Mitsubishi Space Star '16 ""Diamant edition"" 1193","MitsubishiSpaceStar""Diamantedition""1193cc'16",331056634,9.300€,Μεταχειρισμένο,Κόμπακτ/Hatchback,12/2016,115.000χλμ,Βενζίνη,1.193cc,70bhp,Χειροκίνητο,Ασπρο(Μεταλλικό),Γκρι,Ύφασμα,Άγνωστο,1,4,5,5,1ώραπριν,940,www.car.gr/331056634,"6972076594,2441055213,6972076594","['Abs', 'Adaptive cruise control (acc)', 'Android auto', 'Apple carplay', 'Bluetooth', 'Bucket καθίσματα', 'Cd player', 'Dvd', 'Eco start\\u002Fstop', 'Esp', 'Immobilizer', 'Isofix -παιδικά καθίσματα', 'Tcs - asr', 'Usb', 'Ατρακάριστο', 'Βιβλίο service', 'Εισαγωγής', 'Ζάντες αλουμινίου', 'Ηλεκτρικά παράθυρα', 'Ηλεκτρικοί καθρέφτες', 'Θερμαινόμενα καθίσματα', 'Κεντρικό κλείδωμα', 'Κλιματισμός(a\\u002Fc)', 'Μη καπνιστή', 'Πιστωτική κάρτα δεκτή', 'Προβολείς ομίχλης', 'Υδραυλικό τιμόνι', 'Υπολογιστής ταξιδιού']",15ίντσες,Προσθιοκίνητο(FWD),,,Euro6,,,,,,,,
Toyota,Hiace,2006,Toyota Hiace '06 ΜΕ ΚΛΙΜΑΤΙΣΜΌ,ToyotaHiaceΜΕΚΛΙΜΑΤΙΣΜΌ'06,334044852,12.990€,Μεταχειρισμένο,Αλλο,1/2006,191.000χλμ,Πετρέλαιο,2.500cc,110bhp,Χειροκίνητο,Ασπρο(Μεταλλικό),Γκρι,,Ζυγό,,5,5,2,1ώραπριν,145,www.car.gr/334044852,"6972076594,2441055213,6972076594","['Abs', 'Bucket καθίσματα', 'Cd player', 'Esp', 'Immobilizer', 'Turbo', 'Αισθητήρας βροχής', 'Ατρακάριστο', 'Βιβλίο service', 'Εισαγωγής', 'Ηλεκτρικά παράθυρα', 'Ηλεκτρικοί καθρέφτες', 'Κεντρικό κλείδωμα', 'Κλιματισμός(a\\u002Fc)', 'Μη καπνιστή', 'Υδραυλικό τιμόνι', 'Υπολογιστής ταξιδιού']",,Προσθιοκίνητο(FWD),6/2025,,Euro5,,,,,,,,
,,,,,,,,,,,,,,,,,,,,,,,,,,,,,,,,,,,,,,,,
Fiat,Panda,2015,Fiat Panda,FiatPanda'15,333122002,8.900€,Μεταχειρισμένο,Κόμπακτ/Hatchback,12/2015,115.000χλμ,Βενζίνη,1.242cc,69bhp,Χειροκίνητο,Κόκκινο(Μεταλλικό),Δίχρωμο,Ύφασμα,Άγνωστο,1,5,5,5,1ώραπριν,34,www.car.gr/333122002,"6972076594,2441055213,6972076594","['{Abs', '{Adaptive cruise control (acc)', '{Android auto', '{Bluetooth', '{Bucket καθίσματα', '{Cd player', '{Esp', '{Immobilizer', '{Isofix -παιδικά καθίσματα', '{Usb', '{Αισθητήρας βροχής', '{Ατρακάριστο', '{Βιβλίο service', '{Εισαγωγής', '{Ηλεκτρικά παράθυρα', '{Ηλεκτρικοί καθρέφτες', '{Κεντρικό κλείδωμα', '{Κλιματισμός(a\\u002Fc)', '{Μη καπνιστή', '{Πιστωτική κάρτα δεκτή', '{Υδραυλικό τιμόνι', '{Υπολογιστής ταξιδιού']",,Προσθιοκίνητο(FWD),4/2025,,Euro6d,,,,,,,,
Opel,Corsa,2016,Opel Corsa '16 Colοr edition  TURBO,OpelCorsaColοreditionTURBO'16,326858277,11.000€,Μεταχειρισμένο,Λιμουζίνα/Sedan,12/2016,134.000χλμ,Βενζίνη,1.400cc,105bhp,Χειροκίνητο,Μπλέ(Μεταλλικό),Δίχρωμο,Ύφασμα,Άγνωστο,1,4,5,5,1ώραπριν,2725,www.car.gr/326858277,"6972076594,2441055213,6972076594","['{Abs', '{Android auto', '{Apple carplay', '{Bluetooth', '{Bucket καθίσματα', '{Cd player', '{Cruise control', '{Dvd', '{Eco start\\u002Fstop', '{Esp', '{Hill assist', '{Immobilizer', '{Isofix -παιδικά καθίσματα', '{Parktronic', '{Tcs - asr', '{Turbo', '{Usb', '{Αισθητήρας βροχής', '{Ατρακάριστο', '{Βιβλίο service', '{Εισαγωγής', '{Ζάντες αλουμινίου', '{Ηλεκτρικά παράθυρα', '{Ηλεκτρικοί καθρέφτες', '{Θερμαινόμενα καθίσματα', '{Κεντρικό κλείδωμα', '{Κλιματισμός(a\\u002Fc)', '{Μη καπνιστή', '{Πιστωτική κάρτα δεκτή', '{Προβολείς ομίχλης', '{Τιμόνι πολλών χρήσεων', '{Υδραυλικό τιμόνι', '{Υπολογιστής ταξιδιού', '{Φώτα led']",17ίντσες,Προσθιοκίνητο(FWD),,,Euro6,,,,,,,,
Toyota,Yaris,2018,Toyota Yaris '18 FUll EXTRA EURO6,ToyotaYarisFUllEXTRAEURO6AFTOMATO'18,331895077,16.800€,Μεταχειρισμένο,Λιμουζίνα/Sedan,6/2018,55.000χλμ,Υβριδικόβενζίνη,1.500cc,100bhp,Αυτόματο,Μπλέ(Μεταλλικό),Γκρι,Ύφασμα,Άγνωστο,1,6,5,5,7λεπτάπριν,2336,www.car.gr/331895077,"6930988888,2108312754,6930900774","['{Abs', '{Bluetooth', '{Bucket καθίσματα', '{Cd player', '{Cruise control', '{Esp', '{Hill assist', '{Immobilizer', '{Isofix -παιδικά καθίσματα', '{Tv\\u002Fcamera', '{Usb', '{Αισθητήρας βροχής', '{Ανταλλαγή με car δεκτή', '{Ανταλλαγή με μοτο', '{Απόσυρσης-δικαίωμα', '{Ατρακάριστο', '{Βιβλίο service', '{Εγγύηση', '{Εισαγωγής', '{Ζάντες αλουμινίου', '{Ηλεκτρικά παράθυρα', '{Ηλεκτρικοί καθρέφτες', '{Κάμερα οπισθοπορείας', '{Κεντρικό κλείδωμα', '{Κλιματισμός αυτόματος', '{Κλιματισμός(a\\u002Fc)', '{Μη καπνιστή', '{Προβολείς ομίχλης', '{Τιμόνι πολλών χρήσεων', '{Υδραυλικό τιμόνι', '{Υπολογιστής ταξιδιού', '{Φώτα led']",15ίντσες,,9/2024,,Euro6c,0€,,,,,,,
Toyota,Auris,2018,Toyota Auris '18  Ελληνικό 64.000,ToyotaAurisΕλληνικό64.000km'18,334495586,13.400€,Μεταχειρισμένο,Λιμουζίνα/Sedan,9/2018,64.000χλμ,Πετρέλαιο,1.400cc,90bhp,Χειροκίνητο,Ασπρο(Μεταλλικό),Γκρι,Ύφασμα,Ζυγό,1,7,5,5,7λεπτάπριν,240,www.car.gr/334495586,"6930988888,2108312754,6930900774","['{Abs', '{Bluetooth', '{Bucket καθίσματα', '{Cd player', '{Eco start\\u002Fstop', '{Esp', '{Hill assist', '{Immobilizer', '{Turbo', '{Usb', '{Ανταλλαγή με car δεκτή', '{Απόσυρσης-δικαίωμα', '{Ατρακάριστο', '{Εγγύηση', '{Ηλεκτρικά παράθυρα', '{Ηλεκτρικοί καθρέφτες', '{Κεντρικό κλείδωμα', '{Κλιματισμός αυτόματος', '{Μη καπνιστή', '{Προβολείς ομίχλης', '{Τιμόνι πολλών χρήσεων', '{Υδραυλικό τιμόνι', '{Υπολογιστής ταξιδιού', '{Φώτα led']",15ίντσες,,3/2025,,Euro6c,90€,,,,,,,
Volkswagen,Golf,2001,Volkswagen Golf '01  1.8 5V Turbo,VolkswagenGolf1.85VTurboGTI'01,334378966,8.000€,Μεταχειρισμένο,Κόμπακτ/Hatchback,7/2001,68.000χλμ,Βενζίνη,1.781cc,350bhp,Χειροκίνητο,Ασημί,,,Μονό,1,,3,3,4ώρεςπριν,839,www.car.gr/334378966,6979688685,"['Abs', 'Cd player', 'Cruise control', 'Dvd', 'Immobilizer', 'Navigation - gps', 'Parktronic', 'Turbo', 'Usb', 'Ατρακάριστο', 'Ελληνικής αντιπροσωπείας', 'Ηλεκτρικά παράθυρα', 'Ηλεκτρικοί καθρέφτες', 'Κεντρικό κλείδωμα', 'Κλιματισμός(a\\u002Fc)', 'Μη καπνιστή', 'Μπλοκέ διαφορικό', 'Οροφή ηλεκτρική \\u002F ηλίου', 'Προβολείς ομίχλης', 'Συναγερμός', 'Υδραυλικό τιμόνι', 'Υπολογιστής ταξιδιού', 'Φώτα xenon']",18ίντσες,,1/2024,,,,,,,,,,
Toyota,Yaris,2020,Toyota Yaris '20 Full extra euro6,ToyotaYarisFullextraeuro62020'20,333523466,17.500€,Μεταχειρισμένο,Λιμουζίνα/Sedan,3/2020,53.000χλμ,Υβριδικόβενζίνη,1.500cc,100bhp,Αυτόματο,Ασπρο(Μεταλλικό),Γκρι,Ύφασμα,Άγνωστο,1,6,5,5,7λεπτάπριν,1286,www.car.gr/333523466,"6930988888,2108312754,6930900774","['{Abs', '{Bluetooth', '{Bucket καθίσματα', '{Esp', '{Hill assist', '{Immobilizer', '{Isofix -παιδικά καθίσματα', '{Navigation - gps', '{Tv\\u002Fcamera', '{Usb', '{Αισθητήρας βροχής', '{Ανταλλαγή με car δεκτή', '{Απόσυρσης-δικαίωμα', '{Ατρακάριστο', '{Βιβλίο service', '{Εγγύηση', '{Εισαγωγής', '{Ζάντες αλουμινίου', '{Ηλεκτρικά παράθυρα', '{Ηλεκτρικοί καθρέφτες', '{Θερμαινόμενα καθίσματα', '{Κάμερα οπισθοπορείας', '{Κλιματισμός αυτόματος', '{Μη καπνιστή', '{Τιμόνι πολλών χρήσεων', '{Υδραυλικό τιμόνι', '{Υπολογιστής ταξιδιού']",16ίντσες,,4/2024,,,0€,,,,,,,
Ford,Fiesta,2021,Ford Fiesta '21 Full extra   125h 32000xil,FordFiestaFullextra125h32000xil'21,334180012,18.500€,Μεταχειρισμένο,Λιμουζίνα/Sedan,3/2021,32.000χλμ,Βενζίνη,1.000cc,125bhp,Χειροκίνητο,Ασπρο(Μεταλλικό),Γκρι,Ύφασμα,Άγνωστο,1,6,5,5,7λεπτάπριν,652,www.car.gr/334180012,"6930988888,2108312754,6930900774","['{Abs', '{Bluetooth', '{Bucket καθίσματα', '{Cd player', '{Cruise control', '{Eco start\\u002Fstop', '{Esp', '{Hill assist', '{Immobilizer', '{Isofix -παιδικά καθίσματα', '{Keyless', '{Lane assist', '{Navigation - gps', '{Parktronic', '{Turbo', '{Tv\\u002Fcamera', '{Usb', '{Αισθητήρας βροχής', '{Ανταλλαγή με car δεκτή', '{Απόσυρσης-δικαίωμα', '{Ατρακάριστο', '{Αυτόματο παρκάρισμα', '{Βιβλίο service', '{Εγγύηση', '{Ελληνικής αντιπροσωπείας', '{Ζάντες αλουμινίου', '{Ηλεκτρικά παράθυρα', '{Ηλεκτρικοί καθρέφτες', '{Κάμερα οπισθοπορείας', '{Κεντρικό κλείδωμα', '{Κλιματισμός αυτόματος', '{Κλιματισμός(a\\u002Fc)', '{Μη καπνιστή', '{Οθόνη tft', '{Προβολείς ομίχλης', '{Τιμόνι πολλών χρήσεων', '{Υδραυλικό τιμόνι', '{Υπολογιστής ταξιδιού', '{Φώτα led', '{Φώτα xenon', '{Φώτα που στρίβουν']",17ίντσες,,3/2025,,Euro6d,100€,,,,,,,
Nissan,Qashqai,2017,Nissan Qashqai '17 AFTOMOTO FULL EXTRA,NissanQashqaiAFTOMOTOFULLEXTRAEURO6…..'17,332719988,22.000€,Μεταχειρισμένο,4χ4/Τζιπ/Suv,2/2017,92.900χλμ,Πετρέλαιο,1.600cc,130bhp,Αυτόματο,Καφέ(Μεταλλικό),Γκρι,Ύφασμα,Άγνωστο,1,,5,5,6λεπτάπριν,1287,www.car.gr/332719988,"6930988888,2108312754,6930900774","['Abs', 'Bluetooth', 'Bucket καθίσματα', 'Cd player', 'Cruise control', 'Eco start\\u002Fstop', 'Esp', 'Hill assist', 'Immobilizer', 'Isofix -παιδικά καθίσματα', 'Keyless', 'Lane assist', 'Navigation - gps', 'Parktronic', 'Turbo', 'Tv\\u002Fcamera', 'Usb', 'Αισθητήρας βροχής', 'Ανταλλαγή με car δεκτή', 'Απόσυρσης-δικαίωμα', 'Ατρακάριστο', 'Βιβλίο service', 'Εγγύηση', 'Εισαγωγής', 'Ζάντες αλουμινίου', 'Ηλεκτρικά παράθυρα', 'Ηλεκτρικοί καθρέφτες', 'Θερμαινόμενα καθίσματα', 'Κάμερα οπισθοπορείας', 'Κεντρικό κλείδωμα', 'Κλιματισμός αυτόματος', 'Μη καπνιστή', 'Οθόνη tft', 'Προβολείς ομίχλης', 'Τιμόνι πολλών χρήσεων', 'Υδραυλικό τιμόνι', 'Υπολογιστής ταξιδιού', 'Φώτα led']",18ίντσες,,3/2025,,,120€,,,,,,,
Hyundai,i10,2015,Hyundai i 10 '15  1.0,Hyundaii101.0Classic'15,331803807,8.800€,Μεταχειρισμένο,Κόμπακτ/Hatchback,12/2015,120.000χλμ,Βενζίνη,1.000cc,67bhp,Χειροκίνητο,Καφέ(Μεταλλικό),Μαύρο,Ύφασμα,Άγνωστο,,,5,5,21ώρεςπριν,961,www.car.gr/331803807,6942901597,"['Abs', 'Cd player', 'Usb', 'Ανταλλαγή με car δεκτή', 'Ατρακάριστο', 'Βιβλίο service', 'Γραμμάτια δεκτά', 'Εισαγωγής', 'Επιταγές δεκτές', 'Κεντρικό κλείδωμα', 'Κλιματισμός(a\\u002Fc)', 'Μη καπνιστή', 'Προβολείς ομίχλης', 'Υδραυλικό τιμόνι']",,,,98g/km,Euro6,,,,,,,,
Nissan,Evalia,2017,Nissan Evalia,NissanEvalia'17,334392376,17.777€,Μεταχειρισμένο,Van/MiniBus,1/2017,71.800χλμ,Πετρέλαιο,1.500cc,110bhp,Χειροκίνητο,Ασημί,,,Άγνωστο,1,,5,7,11ώρεςπριν,179,www.car.gr/334392376,6976598101,[],,,5/2024,,Euro6,,,,,,,,
Mini,Cooper,1979,Mini Cooper '79 1300-FULL MODIFICATION CAR-ΕΛΛΗΝΙΚΕΣ,MiniCooper1300-FULLMODIFICATIONCAR-ΕΛΛΗΝΙΚΕΣΠΙΝΑΚΙΔΕΣ'79,325671945,4.000€,Μεταχειρισμένο,Κόμπακτ/Hatchback,1/1979,1.000χλμ,Βενζίνη,1.300cc,80bhp,Χειροκίνητο,Μπλέ,,,Άγνωστο,,,2,2,2ώρεςπριν,243,www.car.gr/325671945,"2105547981,6971880888",[],,,,,,,,,,,,,
Fiat,Panda,2018,Fiat Panda '18 Ελληνικό 20.000,FiatPandaΕλληνικό20.000km'18,334494773,10.200€,Μεταχειρισμένο,Λιμουζίνα/Sedan,11/2018,20.400χλμ,Βενζίνη,1.240cc,80bhp,Χειροκίνητο,Ασπρο(Μεταλλικό),Γκρι,Ύφασμα,Ζυγό,1,6,5,5,7λεπτάπριν,108,www.car.gr/334494773,"6930988888,2108312754,6930900774","['{Abs', '{Bluetooth', '{Bucket καθίσματα', '{Cd player', '{Eco start\\u002Fstop', '{Hill assist', '{Immobilizer', '{Isofix -παιδικά καθίσματα', '{Usb', '{Απόσυρσης-δικαίωμα', '{Βιβλίο service', '{Ηλεκτρικά παράθυρα', '{Ηλεκτρικοί καθρέφτες', '{Κεντρικό κλείδωμα', '{Κλιματισμός(a\\u002Fc)', '{Μη καπνιστή', '{Τιμόνι πολλών χρήσεων', '{Υδραυλικό τιμόνι', '{Υπολογιστής ταξιδιού']",14ίντσες,,6/2025,,,120€,,,,,,,
Ford,Fiesta,2019,Ford Fiesta '19 TDCi 85hp Trend,FordFiestaTDCi85hpTrend1.5'19,333989430,12.900€,Μεταχειρισμένο,Κόμπακτ/Hatchback,4/2019,120.000χλμ,Πετρέλαιο,1.500cc,85bhp,Χειροκίνητο,Ασπρο,,Ύφασμα,Ζυγό,,,5,5,12ώρεςπριν,271,www.car.gr/333989430,6942901597,"['Abs', 'Android auto', 'Apple carplay', 'Bluetooth', 'Eco start\\u002Fstop', 'Hill assist', 'Immobilizer', 'Isofix -παιδικά καθίσματα', 'Keyless', 'Parktronic', 'Tcs - asr', 'Turbo', 'Usb', 'Αισθητήρας βροχής', 'Ανταλλαγή με car δεκτή', 'Ατρακάριστο', 'Βιβλίο service', 'Γραμμάτια δεκτά', 'Ελληνικής αντιπροσωπείας', 'Επιταγές δεκτές', 'Ηλεκτρικά παράθυρα', 'Ηλεκτρικοί καθρέφτες', 'Κεντρικό κλείδωμα', 'Κλιματισμός αυτόματος', 'Κλιματισμός(a\\u002Fc)', 'Μη καπνιστή', 'Πιστωτική κάρτα δεκτή', 'Ράδιοκασετ\\u002Fνο', 'Τηλέφωνο', 'Τιμόνι πολλών χρήσεων', 'Υδραυλικό τιμόνι', 'Φώτα led']",,,4/2025,,Euro6,,,,,,,,
Nissan,NV200,2017,Nissan NV 200,NissanNV200'17,334451358,17.777€,Μεταχειρισμένο,Van/MiniBus,1/2017,71.800χλμ,Πετρέλαιο,1.500cc,110bhp,Χειροκίνητο,Ασημί,,,Άγνωστο,1,,5,7,11ώρεςπριν,126,www.car.gr/334451358,6976598101,[],,,5/2024,,Euro6,,,,,,,,
Kia,Sorento,2007,Kia Sorento '07 DIESEL-ΕΛΛΗΝΙΚΟ-δωρο τελη,KiaSorentoDIESEL-ΕΛΛΗΝΙΚΟ-δωροτελη2023-'07,327803585,5.900€,Μεταχειρισμένο,4χ4/Τζιπ/Suv,6/2007,292.000χλμ,Πετρέλαιο,2.500cc,170bhp,Χειροκίνητο,Μπλεσκούρο(Μεταλλικό),Μαύρο,Ύφασμα,Μονό,1,,5,5,2ώρεςπριν,113,www.car.gr/327803585,"2105547981,6971880888","['Abs', 'Cd player', 'Immobilizer', 'Isofix -παιδικά καθίσματα', 'Parktronic', 'Tcs - asr', 'Turbo', 'Ανταλλαγή με car δεκτή', 'Ατρακάριστο', 'Βιβλίο service', 'Ελληνικής αντιπροσωπείας', 'Ζάντες αλουμινίου', 'Ηλεκτρικά παράθυρα', 'Ηλεκτρικοί καθρέφτες', 'Κεντρικό κλείδωμα', 'Κλιματισμός αυτόματος', 'Κοτσαδόρος', 'Οροφή ηλεκτρική \\u002F ηλίου', 'Προβολείς ομίχλης', 'Ράγες οροφής', 'Υδραυλικό τιμόνι', 'Υπολογιστής ταξιδιού']",,4x4(4WD),,,,,,,,,,,
Renault,Captur,2020,Renault Captur '20 14Km. BLUE dCi Zen,RenaultCaptur14Km.BLUEdCiZenΚαινουριο!'20,327436888,22.900€,Μεταχειρισμένο,4χ4/Τζιπ/Suv,9/2020,15.000χλμ,Πετρέλαιο,1.500cc,95bhp,Χειροκίνητο,Ασημί(Μεταλλικό),Μαύρο,,Άγνωστο,1,,5,5,12ώρεςπριν,6969,www.car.gr/327436888,6942901597,"['Abs', 'Adaptive cruise control (acc)', 'Bluetooth', 'Bucket καθίσματα', 'Cruise control', 'Eco start\\u002Fstop', 'Esp', 'Hill assist', 'Immobilizer', 'Isofix -παιδικά καθίσματα', 'Keyless', 'Lane assist', 'Navigation - gps', 'Parktronic', 'Tcs - asr', 'Turbo', 'Tv\\u002Fcamera', 'Αισθητήρας βροχής', 'Ανταλλαγή με car δεκτή', 'Ατρακάριστο', 'Βιβλίο service', 'Γραμμάτια δεκτά', 'Εγγύηση', 'Εισαγωγής', 'Επιταγές δεκτές', 'Ζάντες αλουμινίου', 'Ηλεκτρικά παράθυρα', 'Ηλεκτρικοί καθρέφτες', 'Κάμερα οπισθοπορείας', 'Κεντρικό κλείδωμα', 'Κλιματισμός(a\\u002Fc)', 'Μη καπνιστή', 'Οθόνη tft', 'Πιστωτική κάρτα δεκτή', 'Τιμόνι πολλών χρήσεων', 'Υδραυλικό τιμόνι', 'Υπολογιστής ταξιδιού', 'Φώτα led', 'Φώτα που στρίβουν']",17ίντσες,,,124g/km,Euro6,,"3,80(Μικτό)λ/100χλμ",,,,,"334,79€/μήνα",Ναι
Audi,A6allroad,2003,Audi A6 allroad '03 RS6,AudiA6allroadRS6Look'03,334478837,4.500€,Μεταχειρισμένο,Λιμουζίνα/Sedan,3/2003,130.000χλμ,Βενζίνη,1.800cc,235bhp,Χειροκίνητο,Κόκκινο(Μεταλλικό),Μαύρο,Δερματίνη,Μονό,2,7,6,5,6ώρεςπριν,174,www.car.gr/334478837,6989831798,[],18ίντσες,4x4(4WD),11/2023,,,,8(Εντός)/9(Εκτός)/9(Μικτό)λ/100χλμ,,,,,,
Ford,Fiesta,2018,Ford Fiesta '18 FOUL,FordFiestaFOULEXTRA-ΙΔΙΩΤΗ-AΤΡΑΚΑΡΙΣΤΟ-NAVI--'18,327744425,10.400€,Μεταχειρισμένο,Κόμπακτ/Hatchback,2/2018,150.000χλμ,Πετρέλαιο,1.500cc,95bhp,Χειροκίνητο,Ασπρο,,,Μονό,,,3,5,2ώρεςπριν,148,www.car.gr/327744425,"2105547981,6971880888","['Abs', 'Android auto', 'Apple carplay', 'Bluetooth', 'Cruise control', 'Eco start\\u002Fstop', 'Esp', 'Immobilizer', 'Isofix -παιδικά καθίσματα', 'Navigation - gps', 'Parktronic', 'Tcs - asr', 'Turbo', 'Usb', 'Αισθητήρας βροχής', 'Ανταλλαγή με car δεκτή', 'Ατρακάριστο', 'Αυτόματο παρκάρισμα', 'Βιβλίο service', 'Ηλεκτρικά παράθυρα', 'Ηλεκτρικοί καθρέφτες', 'Κεντρικό κλείδωμα', 'Κλιματισμός αυτόματος', 'Τιμόνι πολλών χρήσεων', 'Υδραυλικό τιμόνι', 'Υπολογιστής ταξιδιού', 'Φώτα led']",,,,,,,,,,,,"185,43€/μήνα",
Opel,Astra,2016,Opel Astra,OpelAstra'16,331433324,12.800€,Μεταχειρισμένο,Λιμουζίνα/Sedan,10/2016,165.000χλμ,Πετρέλαιο,1.600cc,110bhp,Χειροκίνητο,Μαύρο,Μαύρο,Ύφασμα,Άγνωστο,1,,5,5,12ώρεςπριν,1658,www.car.gr/331433324,6942901597,"['Abs', 'Adaptive cruise control (acc)', 'Android auto', 'Apple carplay', 'Bluetooth', 'Cruise control', 'Esp', 'Hill assist', 'Immobilizer', 'Keyless', 'Parktronic', 'Tcs - asr', 'Turbo', 'Usb', 'Αισθητήρας βροχής', 'Ανταλλαγή με car δεκτή', 'Ατρακάριστο', 'Βιβλίο service', 'Γραμμάτια δεκτά', 'Ζάντες αλουμινίου', 'Ηλεκτρικά παράθυρα', 'Ηλεκτρικοί καθρέφτες', 'Κεντρικό κλείδωμα', 'Κλιματισμός(a\\u002Fc)', 'Μη καπνιστή', 'Οθόνη tft', 'Πιστωτική κάρτα δεκτή', 'Προβολείς ομίχλης', 'Τιμόνι πολλών χρήσεων', 'Υδραυλικό τιμόνι', 'Φώτα led']",17ίντσες,,,97g/km,Euro6,,,,,,,,Ναι
