brand,model,year,title,Μάρκα-μοντέλο,Νούμεροαγγελίας,Τιμή,Κατάσταση,Κατηγορία,Χρονολογία,Χιλιόμετρα,Καύσιμο,Κυβικά,Ίπποι,Σασμάν,Χρώμα,Χρώμαεσωτερικού,Επένδυσησαλονιού,Ρύποι(co2),Κλάσηρύπων,Μέγεθοςζάντας,Τέληκυκλοφορίας,Κατανάλωση,Πινακίδα,Σύνολοκατόχων,Αερόσακοι,Πόρτες,Καθίσματα,Τελευταίααλλαγή,Εμφανίσειςαγγελίας,Σύνδεσμος,Τηλέφωνο,extras,Κίνηση,Χρηματοδότηση,Κτέομέχρι
Kia,Rio,2016,Kia Rio '16 ΕΛΗΝΙΚΟ Α.ΧΕΡΙ EDITION,KiaRioΕΛΗΝΙΚΟΑ.ΧΕΡΙEDITIONΑΡΙΣΤΟ!'16,334068547,9.999€,Μεταχειρισμένο,Κόμπακτ/Hatchback,1/2016,55.200χλμ,Πετρέλαιο,1.120cc,80bhp,Χειροκίνητο,Ασπρο(Μεταλλικό),Δίχρωμο,Ύφασμα,99g/km,Euro6,15ίντσες,88€,4(Μικτό)λ/100χλμ,Μονό,1,6,5,5,7ώρεςπριν,359,www.car.gr/334068547,"2111839897,6980681155,6932796220","['Abs', 'Apple carplay', 'Bluetooth', 'Bucket καθίσματα', 'Cd player', 'Cruise control', 'Eco start\\u002Fstop', 'Hill assist', 'Immobilizer', 'Isofix -παιδικά καθίσματα', 'Lane assist', 'Parktronic', 'Tcs - asr', 'Turbo', 'Usb', 'Αισθητήρας βροχής', 'Ανταλλαγή με car δεκτή', 'Ατρακάριστο', 'Βιβλίο service', 'Ελληνικής αντιπροσωπείας', 'Ζάντες αλουμινίου', 'Ηλεκτρικά παράθυρα', 'Ηλεκτρικοί καθρέφτες', 'Κεντρικό κλείδωμα', 'Κλιματισμός αυτόματος', 'Μη καπνιστή', 'Οθόνη tft', 'Τιμόνι πολλών χρήσεων', 'Υδραυλικό τιμόνι', 'Υπολογιστής ταξιδιού', 'Φώτα led']",,,
Bmw,316,2013,Bmw 316 '13 TURBO! ΆΘΙΚΤΟ 80.000ΧΛΜ! ΕΛΛΗΝΙΚΟ FULL,Bmw316TURBO!ΆΘΙΚΤΟ80.000ΧΛΜ!ΕΛΛΗΝΙΚΟFULLEXTRA'13,334059863,16.000€,Μεταχειρισμένο,Λιμουζίνα/Sedan,8/2013,79.000χλμ,Βενζίνη,1.600cc,148bhp,Χειροκίνητο,Μπεζ(Μεταλλικό),Μπεζ,Ύφασμα,,,18ίντσες,160€,"6(Εντός)/5(Εκτός)/5,80(Μικτό)λ/100χλμ",Ζυγό,1,6,5,5,7ώρεςπριν,1421,www.car.gr/334059863,"2111839897,6980681155,6932796220","['Abs', 'Apple carplay', 'Bluetooth', 'Bucket καθίσματα', 'Cd player', 'Cruise control', 'Eco start\\u002Fstop', 'Esp', 'Hill assist', 'Immobilizer', 'Isofix -παιδικά καθίσματα', 'Lane assist', 'Parktronic', 'Tcs - asr', 'Usb', 'Αισθητήρας βροχής', 'Ανταλλαγή με car δεκτή', 'Ατρακάριστο', 'Βιβλίο service', 'Ελληνικής αντιπροσωπείας', 'Ζάντες αλουμινίου', 'Ηλεκτρικά παράθυρα', 'Ηλεκτρικοί καθρέφτες', 'Κεντρικό κλείδωμα', 'Κλιματισμός αυτόματος', 'Μη καπνιστή', 'Οθόνη tft', 'Προβολείς ομίχλης', 'Τιμόνι πολλών χρήσεων', 'Υδραυλικό τιμόνι', 'Υπολογιστής ταξιδιού']",Πισωκίνητο(RWD),,
Mercedes-Benz,C200,2007,Mercedes-Benz C 200 '07 AVANTGARDE  184PS  ΕΛΛΗΝΙΚΟ,Mercedes-BenzC200AVANTGARDE184PSΕΛΛΗΝΙΚΟ+ΒΟΟΚ'07,332915151,14.300€,Μεταχειρισμένο,Λιμουζίνα/Sedan,10/2007,95.000χλμ,Βενζίνη,1.800cc,184bhp,Χειροκίνητο,Γκρι(Μεταλλικό),Μαύρο,Δέρμα-ύφασμα,,,17ίντσες,320€,,Άγνωστο,,,4,5,14ώρεςπριν,2925,www.car.gr/332915151,"2102852374,6980214681","['Abs', 'Bluetooth', 'Bucket καθίσματα', 'Cd player', 'Esp', 'Hill assist', 'Immobilizer', 'Isofix -παιδικά καθίσματα', 'Parktronic', 'Tcs - asr', 'Turbo', 'Αισθητήρας βροχής', 'Ανταλλαγή με car δεκτή', 'Ανταλλαγή με μοτο', 'Ατρακάριστο', 'Βιβλίο service', 'Δερμάτινα καθίσματα', 'Ελληνικής αντιπροσωπείας', 'Ζάντες αλουμινίου', 'Ηλεκτρικά καθίσματα', 'Ηλεκτρικά παράθυρα', 'Ηλεκτρικοί καθρέφτες', 'Κεντρικό κλείδωμα', 'Κλιματισμός αυτόματος', 'Μη καπνιστή', 'Οθόνη tft', 'Προβολείς ομίχλης', 'Συναγερμός', 'Τιμόνι πολλών χρήσεων', 'Υδραυλικό τιμόνι', 'Υπολογιστής ταξιδιού']",Πισωκίνητο(RWD),"209,59€/μήνα",
,,,,,,,,,,,,,,,,,,,,,,,,,,,,,,,,,,,
Mercedes-Benz,C200,2007,"Mercedes-Benz C 200 '07 1,8 AVAGARDE  AMG","Mercedes-BenzC2001,8AVAGARDEAMGΓΝΗΣΙΟ'07",333238656,16.400€,Μεταχειρισμένο,Λιμουζίνα/Sedan,11/2007,165.000χλμ,Βενζίνη,1.800cc,211bhp,Χειροκίνητο,Μαύρο(Μεταλλικό),Άλλο,Δέρμα,,,18ίντσες,320€,,Άγνωστο,,,4,5,9ώρεςπριν,2934,www.car.gr/333238656,"2102852374,6980214681","['Abs', 'Bluetooth', 'Bucket καθίσματα', 'Cd player', 'Esp', 'Immobilizer', 'Isofix -παιδικά καθίσματα', 'Tcs - asr', 'Turbo', 'Αισθητήρας βροχής', 'Ανταλλαγή με car δεκτή', 'Ανταλλαγή με μοτο', 'Ατρακάριστο', 'Βιβλίο service', 'Δερμάτινα καθίσματα', 'Ελληνικής αντιπροσωπείας', 'Ζάντες αλουμινίου', 'Ηλεκτρικά καθίσματα', 'Ηλεκτρικά παράθυρα', 'Ηλεκτρικοί καθρέφτες', 'Κεντρικό κλείδωμα', 'Κλιματισμός αυτόματος', 'Μη καπνιστή', 'Οθόνη tft', 'Προβολείς ομίχλης', 'Τιμόνι πολλών χρήσεων', 'Υδραυλικό τιμόνι', 'Υπολογιστής ταξιδιού', 'Φώτα xenon']",Πισωκίνητο(RWD),"221,38€/μήνα",
Audi,S3,2007,Audi S3 '07 TFSI QUATTRO 380PS,AudiS3TFSIQUATTRO380PSΕΛΛΗΝΝΙΚΟ+ΒΟΟΚ'07,333883917,18.900€,Μεταχειρισμένο,Κόμπακτ/Hatchback,5/2007,177.000χλμ,Βενζίνη,2.000cc,380bhp,Χειροκίνητο,Γκρι(Μεταλλικό),Μαύρο,Δέρμα,,,18ίντσες,,,Άγνωστο,,,3,5,14ώρεςπριν,1308,www.car.gr/333883917,"2102852374,6980214681","['Abs', 'Bucket καθίσματα', 'Cd player', 'Cruise control', 'Dvd', 'Esp', 'Immobilizer', 'Isofix -παιδικά καθίσματα', 'Tcs - asr', 'Turbo', 'Αισθητήρας βροχής', 'Ανταλλαγή με car δεκτή', 'Ανταλλαγή με μοτο', 'Ατρακάριστο', 'Βιβλίο service', 'Δερμάτινα καθίσματα', 'Ελληνικής αντιπροσωπείας', 'Ζάντες αλουμινίου', 'Ηλεκτρικά παράθυρα', 'Ηλεκτρικοί καθρέφτες', 'Κεντρικό κλείδωμα', 'Κλιματισμός αυτόματος', 'Μη καπνιστή', 'Οθόνη tft', 'Πιστωτική κάρτα δεκτή', 'Προβολείς ομίχλης', 'Συναγερμός', 'Τιμόνι πολλών χρήσεων', 'Υδραυλικό τιμόνι', 'Υπολογιστής ταξιδιού', 'Φώτα xenon']",4x4(4WD),,
Mini,CooperS,2016,Mini Cooper S '16 AUTO ΕΛΛΗΝΙΚΟ+BOOK,MiniCooperSAUTOΕΛΛΗΝΙΚΟ+BOOK'16,333646769,21.700€,Μεταχειρισμένο,Κόμπακτ/Hatchback,2/2016,96.000χλμ,Βενζίνη,2.000cc,192bhp,Αυτόματο,Πορτοκαλί,Γκρι,Δέρμα-ύφασμα,,,17ίντσες,150€,,Άγνωστο,,,3,4,14ώρεςπριν,921,www.car.gr/333646769,"2102852374,6980214681","['{Bluetooth', '{Bucket καθίσματα', '{Cd player', '{Cruise control', '{Eco start\\u002Fstop', '{Esp', '{Hill assist', '{Immobilizer', '{Isofix -παιδικά καθίσματα', '{Keyless', '{Parktronic', '{Turbo', '{Usb', '{Αισθητήρας βροχής', '{Ανταλλαγή με car δεκτή', '{Ανταλλαγή με μοτο', '{Ατρακάριστο', '{Βιβλίο service', '{Δερμάτινα καθίσματα', '{Ελληνικής αντιπροσωπείας', '{Ζάντες αλουμινίου', '{Ηλεκτρικά παράθυρα', '{Ηλεκτρικοί καθρέφτες', '{Κεντρικό κλείδωμα', '{Κλιματισμός αυτόματος', '{Μη καπνιστή', '{Οθόνη tft', '{Προβολείς ομίχλης', '{Τηλέφωνο', '{Τιμόνι πολλών χρήσεων', '{Υδραυλικό τιμόνι', '{Υπολογιστής ταξιδιού', '{Φώτα led', '{Φώτα xenon', '{Φώτα που στρίβουν']",Προσθιοκίνητο(FWD),,
Bmw,320,2008,Bmw 320 '08  AUTO E92 170PS  ΕΛΛΗΝΙΚΟ+BOOK ΔΩΡΟ ΤΑ ΤΕΛΗ 2023,Bmw320AUTOE92170PSΕΛΛΗΝΙΚΟ+BOOKΔΩΡΟΤΑΤΕΛΗ2023'08,331085786,12.400€,Μεταχειρισμένο,Κουπέ-Σπόρ,8/2008,181.000χλμ,Βενζίνη,2.000cc,170bhp,Αυτόματο,Μπεζ(Μεταλλικό),Μπεζ,Δέρμα,,,17ίντσες,,,Άγνωστο,,,2,5,9ώρεςπριν,2286,www.car.gr/331085786,"2102852374,6980214681","['Abs', 'Cd player', 'Cruise control', 'Esp', 'Hill assist', 'Immobilizer', 'Isofix -παιδικά καθίσματα', 'Parktronic', 'Tcs - asr', 'Αισθητήρας βροχής', 'Ανταλλαγή με car δεκτή', 'Ανταλλαγή με μοτο', 'Ατρακάριστο', 'Βιβλίο service', 'Δερμάτινα καθίσματα', 'Ελληνικής αντιπροσωπείας', 'Ζάντες αλουμινίου', 'Ηλεκτρικά παράθυρα', 'Ηλεκτρικοί καθρέφτες', 'Κεντρικό κλείδωμα', 'Κλιματισμός αυτόματος', 'Μη καπνιστή', 'Οροφή ηλεκτρική \\u002F ηλίου', 'Πιστωτική κάρτα δεκτή', 'Προβολείς ομίχλης', 'Συναγερμός', 'Τιμόνι πολλών χρήσεων', 'Υδραυλικό τιμόνι', 'Υπολογιστής ταξιδιού', 'Φώτα xenon']",Πισωκίνητο(RWD),"220,66€/μήνα",2/2025
Renault,Captur,2019,Renault Captur '19 EXPRESSION BI-TONE NAVI EΛΛΗΝΙΚΟ Α ΧΕΡΙ,RenaultCapturEXPRESSIONBI-TONENAVIEΛΛΗΝΙΚΟΑΧΕΡΙΑΘΙΚΤΟ'19,332937162,18.200€,Μεταχειρισμένο,4χ4/Τζιπ/Suv,3/2019,54.500χλμ,Πετρέλαιο,1.461cc,90bhp,Αυτόματο,Μαύρο(Μεταλλικό),Δίχρωμο,Ύφασμα,,Euro6c,17ίντσες,110€,"5,40(Εντός)/3,80(Εκτός)/4,40(Μικτό)λ/100χλμ",Ζυγό,1,8,5,5,7ώρεςπριν,260,www.car.gr/332937162,"2111839897,6980681155,6932796220","['{Abs', '{Android auto', '{Apple carplay', '{Bluetooth', '{Bucket καθίσματα', '{Cd player', '{Cruise control', '{Dvd', '{Eco start\\u002Fstop', '{Esp', '{Hill assist', '{Immobilizer', '{Isofix -παιδικά καθίσματα', '{Lane assist', '{Navigation - gps', '{Parktronic', '{Tcs - asr', '{Turbo', '{Usb', '{Αισθητήρας βροχής', '{Ανταλλαγή με car δεκτή', '{Ατρακάριστο', '{Βιβλίο service', '{Ελληνικής αντιπροσωπείας', '{Ζάντες αλουμινίου', '{Ηλεκτρικά παράθυρα', '{Ηλεκτρικοί καθρέφτες', '{Κεντρικό κλείδωμα', '{Κλιματισμός(a\\u002Fc)', '{Μη καπνιστή', '{Οθόνη tft', '{Προβολείς ομίχλης', '{Συναγερμός', '{Σύστημα μη σύγκρουσης', '{Τιμόνι πολλών χρήσεων', '{Υδραυλικό τιμόνι', '{Υπολογιστής ταξιδιού']",Προσθιοκίνητο(FWD),,
Mercedes-Benz,E200,2010,Mercedes-Benz E 200 '10 E250 CGI 204PS  AVANTGARDE,Mercedes-BenzE200E250CGI204PSAVANTGARDEΕΛΛΗΝΙΚΟ+ΒΟΟΚ'10,333355379,22.400€,Μεταχειρισμένο,Λιμουζίνα/Sedan,4/2010,153.000χλμ,Βενζίνη,1.800cc,204bhp,Αυτόματο,Άλλο(Μεταλλικό),Καφέ,Δέρμα,,,17ίντσες,320€,,Άγνωστο,,,4,5,9ώρεςπριν,1778,www.car.gr/333355379,"2102852374,6980214681","['Abs', 'Bluetooth', 'Bucket καθίσματα', 'Cd player', 'Cruise control', 'Dvd', 'Esp', 'Hill assist', 'Immobilizer', 'Isofix -παιδικά καθίσματα', 'Lane assist', 'Navigation - gps', 'Parktronic', 'Tcs - asr', 'Turbo', 'Αισθητήρας βροχής', 'Ανταλλαγή με car δεκτή', 'Ατρακάριστο', 'Βιβλίο service', 'Δερμάτινα καθίσματα', 'Ελληνικής αντιπροσωπείας', 'Ζάντες αλουμινίου', 'Ηλεκτρικά καθίσματα', 'Ηλεκτρικά παράθυρα', 'Ηλεκτρικοί καθρέφτες', 'Κεντρικό κλείδωμα', 'Κλιματισμός αυτόματος', 'Μη καπνιστή', 'Οθόνη tft', 'Οροφή ηλεκτρική \\u002F ηλίου', 'Πιστωτική κάρτα δεκτή', 'Προβολείς ομίχλης', 'Συναγερμός', 'Τιμόνι πολλών χρήσεων', 'Υδραυλικό τιμόνι', 'Υπολογιστής ταξιδιού', 'Φώτα xenon', 'Φώτα που στρίβουν']",Πισωκίνητο(RWD),"252,55€/μήνα",
,,,,,,,,,,,,,,,,,,,,,,,,,,,,,,,,,,,
Mercedes-Benz,ML350,2006,Mercedes-Benz ML 350 '06 LUXURY PACKAGE,Mercedes-BenzML350LUXURYPACKAGEΕΛΛΗΝΙΚΟ+BOOK'06,333185939,15.900€,Μεταχειρισμένο,4χ4/Τζιπ/Suv,6/2006,135.000χλμ,Βενζίνη,3.500cc,272bhp,Αυτόματο,Μαύρο(Μεταλλικό),Μπεζ,Δέρμα,,,18ίντσες,,,Άγνωστο,,,5,5,9ώρεςπριν,1862,www.car.gr/333185939,"2102852374,6980214681","['Abs', 'Cd player', 'Cruise control', 'Esp', 'Hill assist', 'Immobilizer', 'Isofix -παιδικά καθίσματα', 'Parktronic', 'Tcs - asr', 'Αερανάρτηση', 'Αισθητήρας βροχής', 'Ανταλλαγή με car δεκτή', 'Ανταλλαγή με μοτο', 'Ατρακάριστο', 'Βιβλίο service', 'Δερμάτινα καθίσματα', 'Ελληνικής αντιπροσωπείας', 'Ζάντες αλουμινίου', 'Ηλεκτρικά καθίσματα', 'Ηλεκτρικά παράθυρα', 'Ηλεκτρικοί καθρέφτες', 'Κεντρικό κλείδωμα', 'Κλιματισμός αυτόματος', 'Μη καπνιστή', 'Πιστωτική κάρτα δεκτή', 'Προβολείς ομίχλης', 'Ράγες οροφής', 'Τιμόνι πολλών χρήσεων', 'Υδραυλικό τιμόνι', 'Υπολογιστής ταξιδιού', 'Φώτα xenon', 'Φώτα που στρίβουν']",4x4(4WD),"179,26€/μήνα",
Volkswagen,Passat,2009,Volkswagen Passat '09 1.4 TSI DSG F1 R LINE,VolkswagenPassat1.4TSIDSGF1RLINEΕΛΛΗΝΙΚΟ+BOOK'09,329654302,11.500€,Μεταχειρισμένο,Λιμουζίνα/Sedan,10/2009,130.000χλμ,Βενζίνη,1.400cc,125bhp,Αυτόματο,Καφέ(Μεταλλικό),Μπεζ,Ύφασμα,,,17ίντσες,255€,,Άγνωστο,,,5,5,14ώρεςπριν,9185,www.car.gr/329654302,"2102852374,6980214681","['Abs', 'Bluetooth', 'Bucket καθίσματα', 'Cd player', 'Cruise control', 'Esp', 'Hill assist', 'Immobilizer', 'Isofix -παιδικά καθίσματα', 'Parktronic', 'Tcs - asr', 'Turbo', 'Αισθητήρας βροχής', 'Ανταλλαγή με car δεκτή', 'Ατρακάριστο', 'Αυτόματο παρκάρισμα', 'Βιβλίο service', 'Ελληνικής αντιπροσωπείας', 'Ζάντες αλουμινίου', 'Ηλεκτρικά καθίσματα', 'Ηλεκτρικά παράθυρα', 'Ηλεκτρικοί καθρέφτες', 'Κεντρικό κλείδωμα', 'Κλιματισμός αυτόματος', 'Κοτσαδόρος', 'Μη καπνιστή', 'Οθόνη tft', 'Πιστωτική κάρτα δεκτή', 'Προβολείς ομίχλης', 'Τιμόνι πολλών χρήσεων', 'Υδραυλικό τιμόνι', 'Υπολογιστής ταξιδιού']",,"217,44€/μήνα",
Audi,A3,2011,Audi A3 '11 1.6 TDI 155PS  Ambition FACELIFT+BΟΟΚ,AudiA31.6TDI155PSAmbitionFACELIFT+BΟΟΚ'11,324318184,11.600€,Μεταχειρισμένο,Κόμπακτ/Hatchback,2/2011,200.000χλμ,Πετρέλαιο,1.600cc,155bhp,Χειροκίνητο,Μπλεσκούρο(Μεταλλικό),Γκρι,Ύφασμα,109g/km,Euro5,17ίντσες,106€,,Άγνωστο,,,3,5,14ώρεςπριν,600,www.car.gr/324318184,"2102852374,6980214681","['{Abs', '{Bucket καθίσματα', '{Cruise control', '{Eco start\\u002Fstop', '{Esp', '{Immobilizer', '{Isofix -παιδικά καθίσματα', '{Parktronic', '{Tcs - asr', '{Turbo', '{Αισθητήρας βροχής', '{Ανταλλαγή με car δεκτή', '{Ανταλλαγή με μοτο', '{Ατρακάριστο', '{Βιβλίο service', '{Ζάντες αλουμινίου', '{Ηλεκτρικά παράθυρα', '{Ηλεκτρικοί καθρέφτες', '{Κεντρικό κλείδωμα', '{Κλιματισμός αυτόματος', '{Μη καπνιστή', '{Πιστωτική κάρτα δεκτή', '{Προβολείς ομίχλης', '{Τηλέφωνο', '{Τιμόνι πολλών χρήσεων', '{Υδραυλικό τιμόνι', '{Υπολογιστής ταξιδιού']",Προσθιοκίνητο(FWD),"206,43€/μήνα",
Mercedes-Benz,E250,2010,Mercedes-Benz E 250 '10 CGI 204PS  AVANTGARDE,Mercedes-BenzE250CGI204PSAVANTGARDEΕΛΛΗΝΙΚΟ+ΒΟΟΚ'10,333355373,22.400€,Μεταχειρισμένο,Λιμουζίνα/Sedan,4/2010,153.000χλμ,Βενζίνη,1.800cc,204bhp,Αυτόματο,Άλλο(Μεταλλικό),Καφέ,Δέρμα,,,17ίντσες,320€,,Άγνωστο,,,4,5,14ώρεςπριν,1194,www.car.gr/333355373,"2102852374,6980214681","['Abs', 'Bluetooth', 'Bucket καθίσματα', 'Cd player', 'Cruise control', 'Dvd', 'Esp', 'Hill assist', 'Immobilizer', 'Isofix -παιδικά καθίσματα', 'Lane assist', 'Navigation - gps', 'Parktronic', 'Tcs - asr', 'Turbo', 'Αισθητήρας βροχής', 'Ανταλλαγή με car δεκτή', 'Ατρακάριστο', 'Βιβλίο service', 'Δερμάτινα καθίσματα', 'Ελληνικής αντιπροσωπείας', 'Ζάντες αλουμινίου', 'Ηλεκτρικά καθίσματα', 'Ηλεκτρικά παράθυρα', 'Ηλεκτρικοί καθρέφτες', 'Κεντρικό κλείδωμα', 'Κλιματισμός αυτόματος', 'Μη καπνιστή', 'Οθόνη tft', 'Οροφή ηλεκτρική \\u002F ηλίου', 'Πιστωτική κάρτα δεκτή', 'Προβολείς ομίχλης', 'Συναγερμός', 'Τιμόνι πολλών χρήσεων', 'Υδραυλικό τιμόνι', 'Υπολογιστής ταξιδιού', 'Φώτα xenon', 'Φώτα που στρίβουν']",Πισωκίνητο(RWD),"252,55€/μήνα",
Porsche,Panamera,2013,Porsche Panamera '13 TIPTRONIC S 3.0 DIESEL,PorschePanameraTIPTRONICS3.0DIESEL'13,332649463,59.500€,Μεταχειρισμένο,Λιμουζίνα/Sedan,2/2013,204.000χλμ,Πετρέλαιο,3.000cc,300bhp,Αυτόματο,Ασπρο(Μεταλλικό),Μαύρο,Δέρμα,171g/km,Euro5,20ίντσες,420€,,Άγνωστο,,,5,4,14ώρεςπριν,2707,www.car.gr/332649463,"2102852374,6980214681","['Abs', 'Bluetooth', 'Bucket καθίσματα', 'Cd player', 'Cruise control', 'Dvd', 'Eco start\\u002Fstop', 'Esp', 'Hill assist', 'Immobilizer', 'Isofix -παιδικά καθίσματα', 'Navigation - gps', 'Parktronic', 'Tcs - asr', 'Turbo', 'Usb', 'Αερανάρτηση', 'Αισθητήρας βροχής', 'Ανταλλαγή με car δεκτή', 'Αντικλεπτικό gps', 'Ατρακάριστο', 'Βιβλίο service', 'Δερμάτινα καθίσματα', 'Εισαγωγής', 'Ζάντες αλουμινίου', 'Ηλεκτρικά καθίσματα', 'Ηλεκτρικά παράθυρα', 'Ηλεκτρικοί καθρέφτες', 'Κεντρικό κλείδωμα', 'Κλιματισμός αυτόματος', 'Μη καπνιστή', 'Οθόνη tft', 'Οροφή ηλεκτρική \\u002F ηλίου', 'Προβολείς ομίχλης', 'Συναγερμός', 'Τηλέφωνο', 'Τιμόνι πολλών χρήσεων', 'Υδραυλικό τιμόνι', 'Υπολογιστής ταξιδιού', 'Φώτα led', 'Φώτα xenon', 'Φώτα που στρίβουν']",Πισωκίνητο(RWD),"1.196,01€/μήνα",
Audi,A3,2009,Audi A3 '09 1.8 TFSI  SPORTBACK Ambition FACELIFT+BΟΟΚ,AudiA31.8TFSISPORTBACKAmbitionFACELIFT+BΟΟΚ'09,331695351,11.400€,Μεταχειρισμένο,Κόμπακτ/Hatchback,9/2009,180.000χλμ,Βενζίνη,1.800cc,160bhp,Χειροκίνητο,Μαύρο(Μεταλλικό),Γκρι,Ύφασμα,,,17ίντσες,320€,,Άγνωστο,,,5,5,14ώρεςπριν,5622,www.car.gr/331695351,"2102852374,6980214681","['Abs', 'Bucket καθίσματα', 'Esp', 'Hill assist', 'Immobilizer', 'Parktronic', 'Tcs - asr', 'Turbo', 'Αισθητήρας βροχής', 'Ανταλλαγή με car δεκτή', 'Ατρακάριστο', 'Βιβλίο service', 'Ελληνικής αντιπροσωπείας', 'Ζάντες αλουμινίου', 'Ηλεκτρικά παράθυρα', 'Ηλεκτρικοί καθρέφτες', 'Κεντρικό κλείδωμα', 'Κλιματισμός αυτόματος', 'Μη καπνιστή', 'Προβολείς ομίχλης', 'Υδραυλικό τιμόνι', 'Υπολογιστής ταξιδιού', 'Φώτα led']",Προσθιοκίνητο(FWD),"164,83€/μήνα",
Mercedes-Benz,ML350,2006,Mercedes-Benz ML 350 '06 LOOK ML63 AMG Facelift,Mercedes-BenzML350LOOKML63AMGFaceliftΕΛΛΗΝΙΚΟ+ΒΟΟΚ'06,328388745,21.800€,Μεταχειρισμένο,4χ4/Τζιπ/Suv,7/2006,180.000χλμ,Βενζίνη,3.500cc,272bhp,Αυτόματο,Μαύρο(Μεταλλικό),Μαύρο,Δέρμα,,,21ίντσες,,,Άγνωστο,,,5,5,14ώρεςπριν,1283,www.car.gr/328388745,"2102852374,6980214681","['Abs', 'Android auto', 'Apple carplay', 'Bluetooth', 'Bucket καθίσματα', 'Cd player', 'Cruise control', 'Dvd', 'Esp', 'Hill assist', 'Immobilizer', 'Isofix -παιδικά καθίσματα', 'Navigation - gps', 'Parktronic', 'Tcs - asr', 'Usb', 'Αερανάρτηση', 'Ανταλλαγή με car δεκτή', 'Ατρακάριστο', 'Βιβλίο service', 'Δερμάτινα καθίσματα', 'Ελληνικής αντιπροσωπείας', 'Ζάντες αλουμινίου', 'Ηλεκτρικά καθίσματα', 'Ηλεκτρικά παράθυρα', 'Ηλεκτρικοί καθρέφτες', 'Θερμαινόμενα καθίσματα', 'Κεντρικό κλείδωμα', 'Κλιματισμός αυτόματος', 'Μη καπνιστή', 'Οθόνη tft', 'Οροφή ηλεκτρική \\u002F ηλίου', 'Πιστωτική κάρτα δεκτή', 'Προβολείς ομίχλης', 'Συναγερμός', 'Τηλέφωνο', 'Τιμόνι πολλών χρήσεων', 'Υδραυλικό τιμόνι', 'Υπολογιστής ταξιδιού', 'Φώτα led', 'Φώτα xenon']",4x4(4WD),"193,97€/μήνα",
AlfaRomeo,Alfa159,2009,Alfa Romeo Alfa 159 '09  1.75 TBi 16V Turismo,AlfaRomeoAlfa1591.75TBi16VTurismoΕΛΛΗΝΙΚΟ+ΒΟΟΚ'09,328019334,11.500€,Μεταχειρισμένο,Λιμουζίνα/Sedan,8/2009,149.000χλμ,Βενζίνη,1.750cc,200bhp,Χειροκίνητο,Κόκκινο(Μεταλλικό),Μαύρο,Ύφασμα,,,17ίντσες,320€,,Άγνωστο,,,4,5,14ώρεςπριν,12652,www.car.gr/328019334,"2102852374,6980214681","['Abs', 'Bluetooth', 'Bucket καθίσματα', 'Cd player', 'Esp', 'Immobilizer', 'Isofix -παιδικά καθίσματα', 'Tcs - asr', 'Turbo', 'Αισθητήρας βροχής', 'Ανταλλαγή με car δεκτή', 'Ατρακάριστο', 'Βιβλίο service', 'Ελληνικής αντιπροσωπείας', 'Ζάντες αλουμινίου', 'Ηλεκτρικά παράθυρα', 'Ηλεκτρικοί καθρέφτες', 'Κεντρικό κλείδωμα', 'Κλιματισμός αυτόματος', 'Προβολείς ομίχλης', 'Τιμόνι πολλών χρήσεων', 'Υδραυλικό τιμόνι', 'Υπολογιστής ταξιδιού']",,"166,28€/μήνα",
Ford,Focus,2020,Ford Focus '20 NEW-BUSINESS EΛΛΗΝΙΚΟ,FordFocusΔΕΣΜΕΎΤΗΚΕ!'20,332574532,18.800€,Μεταχειρισμένο,Κόμπακτ/Hatchback,1/2020,90.000χλμ,Πετρέλαιο,1.500cc,120bhp,Αυτόματο,Ασπρο(Μεταλλικό),Δίχρωμο,Ύφασμα,,Euro6d,17ίντσες,,"5(Εντός)/3,80(Εκτός)/4,40(Μικτό)λ/100χλμ",Ζυγό,1,8,5,5,7ώρεςπριν,660,www.car.gr/332574532,"2111839897,6980681155,6932796220","['Abs', 'Adaptive cruise control (acc)', 'Android auto', 'Apple carplay', 'Bluetooth', 'Bucket καθίσματα', 'Cd player', 'Cruise control', 'Eco start\\u002Fstop', 'Esp', 'Hill assist', 'Immobilizer', 'Isofix -παιδικά καθίσματα', 'Lane assist', 'Navigation - gps', 'Parktronic', 'Tcs - asr', 'Turbo', 'Usb', 'Αισθητήρας βροχής', 'Ανταλλαγή με car δεκτή', 'Ατρακάριστο', 'Βιβλίο service', 'Ελληνικής αντιπροσωπείας', 'Ζάντες αλουμινίου', 'Ηλεκτρικά παράθυρα', 'Ηλεκτρικοί καθρέφτες', 'Κεντρικό κλείδωμα', 'Κλιματισμός αυτόματος', 'Μη καπνιστή', 'Οθόνη tft', 'Προβολείς ομίχλης', 'Σύστημα μη σύγκρουσης', 'Τιμόνι πολλών χρήσεων', 'Υδραυλικό τιμόνι', 'Υπολογιστής ταξιδιού', 'Φώτα led']",Προσθιοκίνητο(FWD),,
Fiat,500X,2019,Fiat 500X '19,Fiat500XΔΕΣΜΕΎΤΗΚΕ!'19,334318338,18.500€,Μεταχειρισμένο,4χ4/Τζιπ/Suv,3/2019,90.000χλμ,Πετρέλαιο,1.600cc,120bhp,Αυτόματο,Μπλεσκούρο(Μεταλλικό),Δίχρωμο,Alcantara,,Euro6d,16ίντσες,,6(Εντός)/4(Εκτός)/5(Μικτό)λ/100χλμ,Ζυγό,1,8,5,5,7ώρεςπριν,220,www.car.gr/334318338,"2111839897,6980681155,6932796220","['{Abs', '{Android auto', '{Apple carplay', '{Bluetooth', '{Bucket καθίσματα', '{Cd player', '{Cruise control', '{Eco start\\u002Fstop', '{Esp', '{Hill assist', '{Immobilizer', '{Isofix -παιδικά καθίσματα', '{Lane assist', '{Navigation - gps', '{Parktronic', '{Tcs - asr', '{Turbo', '{Usb', '{Αισθητήρας βροχής', '{Ανταλλαγή με car δεκτή', '{Ατρακάριστο', '{Βιβλίο service', '{Ελληνικής αντιπροσωπείας', '{Ζάντες αλουμινίου', '{Ηλεκτρικά παράθυρα', '{Ηλεκτρικοί καθρέφτες', '{Κεντρικό κλείδωμα', '{Κλιματισμός αυτόματος', '{Μη καπνιστή', '{Οθόνη tft', '{Προβολείς ομίχλης', '{Σύστημα μη σύγκρουσης', '{Τιμόνι πολλών χρήσεων', '{Υπολογιστής ταξιδιού', '{Φώτα led']",Προσθιοκίνητο(FWD),,
